email;company;website;phone;city;state;country;google_maps_url;lead_score;email_source;email_source_url;confidence;person_name;person_title;pages_tried;pages_ok
info@loveyoulaser.com;"Aesthetic Studio - ""Love You Laser"" Spa";https://love-you-laser.com/;(212) 580-1720;New York;New York;US;https://www.google.com/maps/search/?api=1&query=Aesthetic%20Studio%20-%20%22Love%20You%20Laser%22%20Spa&query_place_id=ChIJkYhm3mNZwokREirTE0c5IRc;0;mailto;https://love-you-laser.com/;25;;;6;1
alaestheticstudio@gmail.com;"Aesthetic Studio - ""Love You Laser"" Spa";https://love-you-laser.com/;(212) 580-1720;New York;New York;US;https://www.google.com/maps/search/?api=1&query=Aesthetic%20Studio%20-%20%22Love%20You%20Laser%22%20Spa&query_place_id=ChIJkYhm3mNZwokREirTE0c5IRc;0;plain_text;https://love-you-laser.com/;15;;;6;1
amiraspaandsalon@gmail.com;Amira's Cryo Spa And Salon;https://amirascryospahouston.zoca.com/;(832) 973-1156;Houston;Texas;US;https://www.google.com/maps/search/?api=1&query=Amira's%20Cryo%20Spa%20And%20Salon&query_place_id=ChIJdT__bvTFQIYR9wBS8U8MMyU;0;mailto;https://amirascryospahouston.zoca.com/;40;;;6;1
info@antiageinstitute.com;Antiage Institute;https://antiageinstitute.com/;(832) 430-7768;Houston;Texas;US;https://www.google.com/maps/search/?api=1&query=Antiage%20Institute&query_place_id=ChIJJSZRF_rAQIYRPgG8GZnKnh8;0;mailto;https://antiageinstitute.com/;25;;;6;3
info@aurum.health;Aurum Health;https://aurumhealth.com/;(214) 865-7800;Dallas;Texas;US;https://www.google.com/maps/search/?api=1&query=Aurum%20Health&query_place_id=ChIJD8LET6GZToYRSleYd2kkdPw;0;plain_text;https://aurumhealth.com/;0;;;6;6
info@avivamedicalspa.com;Aviva Medical Spa;https://avivamedicalspa.com/;(786) 812-8622;Miami;Florida;US;https://www.google.com/maps/search/?api=1&query=Aviva%20Medical%20Spa&query_place_id=ChIJPzO231ax2YgRaoJeTYze_Xs;0;mailto;https://avivamedicalspa.com/;25;;;6;3
pablo@avanmed.com;Aviva Medical Spa;https://avivamedicalspa.com/;(786) 812-8622;Miami;Florida;US;https://www.google.com/maps/search/?api=1&query=Aviva%20Medical%20Spa&query_place_id=ChIJPzO231ax2YgRaoJeTYze_Xs;0;html_raw;https://avivamedicalspa.com/contact;10;;;6;3
info@bcrnaesthetics.com;BCRN Aesthetics MedSpa;https://bcrnaesthetics.com/;(346) 738-9897;Houston;Texas;US;https://www.google.com/maps/search/?api=1&query=BCRN%20Aesthetics%20MedSpa&query_place_id=ChIJeXkfMInAQIYRs7tW0wKaBUg;0;cf_decode;https://bcrnaesthetics.com/;20;;;6;3
customerservice@charettecosmetics.com;Charette Cosmetics Medical Spa - Miami Beach;https://charettecosmetics.com/;(404) 430-4378 ext. 3;Miami Beach;Florida;US;https://www.google.com/maps/search/?api=1&query=Charette%20Cosmetics%20Medical%20Spa%20-%20Miami%20Beach&query_place_id=ChIJ-VkNhhuz2YgR3tgNIZtgN94;0;mailto;https://charettecosmetics.com/;40;;;6;3
inquiry@chelseaskincenter.com;Chelsea Skin & Laser;https://chelseaskincenter.com/;(212) 675-0549;New York;New York;US;https://www.google.com/maps/search/?api=1&query=Chelsea%20Skin%20%26%20Laser&query_place_id=ChIJmR3TdLxZwokRBrnQKrZGm00;0;ld_json;https://chelseaskincenter.com/;30;;;6;3
contact@clearlaserskin.com;Clear Laser City Clinic;https://clearlaserskin.com/;(212) 697-1802;New York;New York;US;https://www.google.com/maps/search/?api=1&query=Clear%20Laser%20City%20Clinic&query_place_id=ChIJlfgEWYBZwokRGSzGbsmUSGI;0;plain_text;https://clearlaserskin.com/;0;;;6;3
contact@clearlasercity.com;Clear Laser City Clinic;https://clearlaserskin.com/;(212) 697-1802;New York;New York;US;https://www.google.com/maps/search/?api=1&query=Clear%20Laser%20City%20Clinic&query_place_id=ChIJlfgEWYBZwokRGSzGbsmUSGI;0;plain_text;https://clearlaserskin.com/;0;;;6;3
contact@clearlaser-queens.com;Clear Laser City Clinic;https://clearlaserskin.com/;(212) 697-1802;New York;New York;US;https://www.google.com/maps/search/?api=1&query=Clear%20Laser%20City%20Clinic&query_place_id=ChIJlfgEWYBZwokRGSzGbsmUSGI;0;plain_text;https://clearlaserskin.com/;0;;;6;3
contact@clearlaserjc.com;Clear Laser City Clinic;https://clearlaserskin.com/;(212) 697-1802;New York;New York;US;https://www.google.com/maps/search/?api=1&query=Clear%20Laser%20City%20Clinic&query_place_id=ChIJlfgEWYBZwokRGSzGbsmUSGI;0;plain_text;https://clearlaserskin.com/;0;;;6;3
contact@clearlaseredison.com;Clear Laser City Clinic;https://clearlaserskin.com/;(212) 697-1802;New York;New York;US;https://www.google.com/maps/search/?api=1&query=Clear%20Laser%20City%20Clinic&query_place_id=ChIJlfgEWYBZwokRGSzGbsmUSGI;0;plain_text;https://clearlaserskin.com/;0;;;6;3
contact@champs-elysees-clinic.com;Clinique des Champs Élysées;https://newyork.crpce.com/;(212) 812-1107;New York;New York;US;https://www.google.com/maps/search/?api=1&query=Clinique%20des%20Champs%20%C3%89lys%C3%A9es&query_place_id=ChIJbVCkLzVZwokRhBjuf9kWdp4;0;plain_text;https://newyork.crpce.com/;0;;;6;3
atlanta@cultaesthetics.com;CULT Aesthetics;https://cultaesthetics.com/;(469) 720-1086;Dallas;Texas;US;https://www.google.com/maps/search/?api=1&query=CULT%20Aesthetics&query_place_id=ChIJFX32ikGZToYRsMJi8wiyMQo;0;cf_decode;https://cultaesthetics.com/;35;;;6;3
dallas@cultaesthetics.com;CULT Aesthetics;https://cultaesthetics.com/;(469) 720-1086;Dallas;Texas;US;https://www.google.com/maps/search/?api=1&query=CULT%20Aesthetics&query_place_id=ChIJFX32ikGZToYRsMJi8wiyMQo;0;cf_decode;https://cultaesthetics.com/;35;;;6;3
info@deluxemedspabeauty.com;Deluxe Med Spa Beauty;https://deluxemedspabeauty.com/;(786) 901-0611;Miami;Florida;US;https://www.google.com/maps/search/?api=1&query=Deluxe%20Med%20Spa%20Beauty&query_place_id=ChIJ9QShWb232YgRErcFd8RYjwc;0;cf_decode;https://deluxemedspabeauty.com/;20;;;6;3
miami@dermaclinicenter.com;Derma Lipo New York;https://dermaclinicenter.com/;(646) 707-0135;New York;New York;US;https://www.google.com/maps/search/?api=1&query=Derma%20Lipo%20New%20York&query_place_id=ChIJz99rLiJZwokRMioar0qzTMM;0;plain_text;https://dermaclinicenter.com/;15;;;6;6
houston@dermaclinicenter.com;Derma Lipo New York;https://dermaclinicenter.com/;(646) 707-0135;New York;New York;US;https://www.google.com/maps/search/?api=1&query=Derma%20Lipo%20New%20York&query_place_id=ChIJz99rLiJZwokRMioar0qzTMM;0;plain_text;https://dermaclinicenter.com/;15;;;6;6
vegas@dermaclinicenter.com;Derma Lipo New York;https://dermaclinicenter.com/;(646) 707-0135;New York;New York;US;https://www.google.com/maps/search/?api=1&query=Derma%20Lipo%20New%20York&query_place_id=ChIJz99rLiJZwokRMioar0qzTMM;0;plain_text;https://dermaclinicenter.com/;15;;;6;6
phoenix@dermaclinicusa.com;Derma Lipo New York;https://dermaclinicenter.com/;(646) 707-0135;New York;New York;US;https://www.google.com/maps/search/?api=1&query=Derma%20Lipo%20New%20York&query_place_id=ChIJz99rLiJZwokRMioar0qzTMM;0;plain_text;https://dermaclinicenter.com/;15;;;6;6
sales@dermaclinicenter.com;Derma Lipo New York;https://dermaclinicenter.com/;(646) 707-0135;New York;New York;US;https://www.google.com/maps/search/?api=1&query=Derma%20Lipo%20New%20York&query_place_id=ChIJz99rLiJZwokRMioar0qzTMM;0;plain_text;https://dermaclinicenter.com/;0;;;6;6
support@dermaclinicenter.com;Derma Lipo New York;https://dermaclinicenter.com/;(646) 707-0135;New York;New York;US;https://www.google.com/maps/search/?api=1&query=Derma%20Lipo%20New%20York&query_place_id=ChIJz99rLiJZwokRMioar0qzTMM;0;plain_text;https://dermaclinicenter.com/;0;;;6;6
info@drlaserla.com;dr LASER;https://drlaserla.com/;(212) 408-3229;New York;New York;US;https://www.google.com/maps/search/?api=1&query=dr%20LASER&query_place_id=ChIJP-PbqJ1ZwokROt2Q16kRWA4;0;mailto;https://drlaserla.com/;25;;;6;3
infonyc@drlaserla.com;dr LASER;https://drlaserla.com/;(212) 408-3229;New York;New York;US;https://www.google.com/maps/search/?api=1&query=dr%20LASER&query_place_id=ChIJP-PbqJ1ZwokROt2Q16kRWA4;0;mailto;https://drlaserla.com/;40;;;6;3
promotions@drlaserla.com;dr LASER;https://drlaserla.com/;(212) 408-3229;New York;New York;US;https://www.google.com/maps/search/?api=1&query=dr%20LASER&query_place_id=ChIJP-PbqJ1ZwokROt2Q16kRWA4;0;mailto;https://drlaserla.com/;40;;;6;3
services@erasespa.com;Erase Spa;https://erasespa.com/;(212) 379-6558;New York;New York;US;https://www.google.com/maps/search/?api=1&query=Erase%20Spa&query_place_id=ChIJyUkMuq9ZwokRuZcgHR75jPk;0;ld_json;https://erasespa.com/;30;;;6;3
info@glowhouston.com;Glow Medical Aesthetics;https://glowhouston.com/;(713) 338-9577;Houston;Texas;US;https://www.google.com/maps/search/?api=1&query=Glow%20Medical%20Aesthetics&query_place_id=ChIJrerdWEnAQIYRZs5i7Hk26yw;0;mailto;https://glowhouston.com/;25;;;6;3
info@hairbyebye.com;Hair Bye Bye Electrolysis, Permanent Hair Removal in NYC;https://hairbyebye.com/;(718) 878-4730;New York;New York;US;https://www.google.com/maps/search/?api=1&query=Hair%20Bye%20Bye%20Electrolysis%2C%20Permanent%20Hair%20Removal%20in%20NYC&query_place_id=ChIJydkSkL9o1gYRCGnn2Xfmb5Y;0;mailto;https://hairbyebye.com/;25;;;6;1
help@htxmdspa.com;Houston MedSpa + Wellness;https://htxmdspa.com/;(832) 835-2545;Houston;Texas;US;https://www.google.com/maps/search/?api=1&query=Houston%20MedSpa%20%2B%20Wellness&query_place_id=ChIJtWzPOPbAQIYRHv6oUAjiD4I;0;mailto;https://htxmdspa.com/;40;;;6;3
info@behuemn.com;Huemn - Heights MKT;https://behuemn.com/;(832) 979-5618;Houston;Texas;US;https://www.google.com/maps/search/?api=1&query=Huemn%20-%20Heights%20MKT&query_place_id=ChIJyQaw9BXHQIYR_Rw8UTLf9pY;0;ld_json;https://behuemn.com/;15;;;6;3
marketing@infinitylaserspa.com;Infinity Laser Spa;https://infinitylaserspa.com/;(212) 945-8298;New York;New York;US;https://www.google.com/maps/search/?api=1&query=Infinity%20Laser%20Spa&query_place_id=ChIJP3JVNq9ZwokRqXuwunNmwhA;0;ld_json;https://infinitylaserspa.com/;30;;;6;1
info@infinitylaserspa.com;Infinity Laser Spa;https://infinitylaserspa.com/;(212) 945-8298;New York;New York;US;https://www.google.com/maps/search/?api=1&query=Infinity%20Laser%20Spa&query_place_id=ChIJP3JVNq9ZwokRqXuwunNmwhA;0;plain_text;https://infinitylaserspa.com/;0;;;6;1
info@laserbarandspa.com;Laser Bar & Spa;https://laserbarandspa.com/;(646) 386-7562;New York;New York;US;https://www.google.com/maps/search/?api=1&query=Laser%20Bar%20%26%20Spa&query_place_id=ChIJqYQbJKlZwokRhUdBI348ku4;0;mailto;https://laserbarandspa.com/;25;;;6;3
info@lemmonavenuedallas.com;Lemmon Avenue Plastic Surgery and Laser Center;https://lemmonavenueplasticsurgery.com/;(214) 702-0707;Dallas;Texas;US;https://www.google.com/maps/search/?api=1&query=Lemmon%20Avenue%20Plastic%20Surgery%20and%20Laser%20Center&query_place_id=ChIJN_OiSCuZToYRc0N9LjtYaP4;0;ld_json;http://lemmonavenueplasticsurgery.com/;15;;;6;3
info@lighttouchnyc.com;Light Touch Laser Spa;https://lighttouchnyc.com/;(646) 926-7202;New York;New York;US;https://www.google.com/maps/search/?api=1&query=Light%20Touch%20Laser%20Spa&query_place_id=ChIJW8NsAaNZwokR8xKCA1PvWBo;0;cf_decode;https://lighttouchnyc.com/;20;;;6;3
compliance@livehydrationspa.com;LIVE Hydration Spa Kirby;https://locations.livehydrationspa.com/;(832) 821-8717;Houston;Texas;US;https://www.google.com/maps/search/?api=1&query=LIVE%20Hydration%20Spa%20Kirby&query_place_id=ChIJh-5NYcjBQIYRDPPeHTJLZvc;0;mailto;https://locations.livehydrationspa.com/;40;;;6;6
info@luxmedspabrickell.com;LUX MedSpa Brickell;https://luxmedspabrickell.com/;(305) 988-9388;Miami;Florida;US;https://www.google.com/maps/search/?api=1&query=LUX%20MedSpa%20Brickell&query_place_id=ChIJtRS0HVy32YgRsiZz9ho-xq4;0;mailto;https://luxmedspabrickell.com/;25;;;6;1
info@medspalux.com;LUX MedSpa Brickell;https://luxmedspabrickell.com/;(305) 988-9388;Miami;Florida;US;https://www.google.com/maps/search/?api=1&query=LUX%20MedSpa%20Brickell&query_place_id=ChIJtRS0HVy32YgRsiZz9ho-xq4;0;html_raw;https://luxmedspabrickell.com/;0;;;6;1
info@medaestheticsmiami.com;Med Aesthetics Miami;https://medaestheticsmiami.com/;(305) 356-7402;Miami;FL;US;https://www.google.com/maps/search/?api=1&query=Med%20Aesthetics%20Miami&query_place_id=ChIJkxNWdMS22YgROy0QtiWx41o;0;mailto;https://medaestheticsmiami.com/;25;;;6;6
coralgables@medaestheticsmiami.com;Med Aesthetics Miami;https://medaestheticsmiami.com/;(305) 356-7402;Miami;FL;US;https://www.google.com/maps/search/?api=1&query=Med%20Aesthetics%20Miami&query_place_id=ChIJkxNWdMS22YgROy0QtiWx41o;0;mailto;https://medaestheticsmiami.com/;40;;;6;6
aventura@medaestheticsmiami.com;Med Aesthetics Miami;https://medaestheticsmiami.com/;(305) 356-7402;Miami;FL;US;https://www.google.com/maps/search/?api=1&query=Med%20Aesthetics%20Miami&query_place_id=ChIJkxNWdMS22YgROy0QtiWx41o;0;mailto;https://medaestheticsmiami.com/;40;;;6;6
lauderdale@medaestheticsmiami.com;Med Aesthetics Miami;https://medaestheticsmiami.com/;(305) 356-7402;Miami;FL;US;https://www.google.com/maps/search/?api=1&query=Med%20Aesthetics%20Miami&query_place_id=ChIJkxNWdMS22YgROy0QtiWx41o;0;mailto;https://medaestheticsmiami.com/;40;;;6;6
info@medernaofficial.com;Mederna Aesthetic & Wellness Medical Center;https://medernaofficial.com/;(832) 272-0401;Houston;Texas;US;https://www.google.com/maps/search/?api=1&query=Mederna%20Aesthetic%20%26%20Wellness%20Medical%20Center&query_place_id=ChIJh4kKVA3HQIYRWCZ5zbsvFj8;0;mailto;https://medernaofficial.com/;25;;;6;3
milivmedspa@gmail.com;Miliv Med Spa & Facials;https://milivmed-spa.com/;(713) 585-0715;Houston;Texas;US;https://www.google.com/maps/search/?api=1&query=Miliv%20Med%20Spa%20%26%20Facials&query_place_id=ChIJIQNO4XDBQIYRwzhP7SIMFLw;0;plain_text;https://milivmed-spa.com/;15;;;6;3
support@organicbsi.com;Miliv Med Spa & Facials;https://milivmed-spa.com/;(713) 585-0715;Houston;Texas;US;https://www.google.com/maps/search/?api=1&query=Miliv%20Med%20Spa%20%26%20Facials&query_place_id=ChIJIQNO4XDBQIYRwzhP7SIMFLw;0;html_raw;https://milivmed-spa.com/;0;;;6;3
paola@moorederm.com;Moore Dermatology PLLC;https://moorederm.com/;(713) 741-3376;Houston;Texas;US;https://www.google.com/maps/search/?api=1&query=Moore%20Dermatology%20PLLC&query_place_id=ChIJbauL6aLqQIYRcOxjma4Dr1o;0;mailto;https://moorederm.com/;40;;;6;1
myspajoy60@gmail.com;My Spa Joy;https://myspajoytx.zoca.com/;(346) 660-3277;Houston;Texas;US;https://www.google.com/maps/search/?api=1&query=My%20Spa%20Joy&query_place_id=ChIJI0-M4s_DQIYRi67WrFgfF9E;0;mailto;https://myspajoytx.zoca.com/;40;;;6;1
concierge@nakedmd.com;NakedMD Med Spa Newport Beach;https://nakedmd.com/;(949) 379-8758;Newport Beach;California;US;https://www.google.com/maps/search/?api=1&query=NakedMD%20Med%20Spa%20Newport%20Beach&query_place_id=ChIJmbn6_F7f3IARjeMK9NOGoFc;0;ld_json;https://nakedmd.com/;30;;;6;1
athomas@nakedmd.com;NakedMD Med Spa Newport Beach;https://nakedmd.com/;(949) 379-8758;Newport Beach;California;US;https://www.google.com/maps/search/?api=1&query=NakedMD%20Med%20Spa%20Newport%20Beach&query_place_id=ChIJmbn6_F7f3IARjeMK9NOGoFc;0;html_raw;https://nakedmd.com/;10;;;6;1
nzo@nakedmd.com;NakedMD Med Spa Newport Beach;https://nakedmd.com/;(949) 379-8758;Newport Beach;California;US;https://www.google.com/maps/search/?api=1&query=NakedMD%20Med%20Spa%20Newport%20Beach&query_place_id=ChIJmbn6_F7f3IARjeMK9NOGoFc;0;html_raw;https://nakedmd.com/;10;;;6;1
info@stagheaddesigns.com;NakedMD Med Spa Newport Beach;https://nakedmd.com/;(949) 379-8758;Newport Beach;California;US;https://www.google.com/maps/search/?api=1&query=NakedMD%20Med%20Spa%20Newport%20Beach&query_place_id=ChIJmbn6_F7f3IARjeMK9NOGoFc;0;html_raw;https://nakedmd.com/;0;;;6;1
raeann@nmsmilecenter.com;New Mexico Smile Center;https://nmsmilecenter.com/;(505) 275-1663;Albuquerque;New Mexico;US;https://www.google.com/maps/search/?api=1&query=New%20Mexico%20Smile%20Center&query_place_id=ChIJs6TX9OSfGIcRe30wpFkW-WU;0;html_raw;https://nmsmilecenter.com/;10;;;6;3
newskinnyc@gmail.com;New Skin NYC;https://newskinnyc.com/;(929) 600-5300;Maspeth;New York;US;https://www.google.com/maps/search/?api=1&query=New%20Skin%20NYC&query_place_id=ChIJYx6RShJnwokRnHlVwjGVjbc;0;ld_json;https://newskinnyc.com/;30;;;6;3
info@drnikko.com;Nikko Cosmetic Dermatology Center;https://drnikko.com/;(713) 960-1311;Houston;Texas;US;https://www.google.com/maps/search/?api=1&query=Nikko%20Cosmetic%20Dermatology%20Center&query_place_id=ChIJZUUdmTfBQIYRzXBaDZde-JI;0;html_raw;https://drnikko.com/;0;;;6;1
hello@nulistudios.com;Nuli Studios;https://nulistudios.com/;(469) 809-6858;Dallas;Texas;US;https://www.google.com/maps/search/?api=1&query=Nuli%20Studios&query_place_id=ChIJNXQVM3efToYR8O_vz9dtJfs;0;mailto;https://nulistudios.com/;25;;;6;1
southlake@nulistudios.com;Nuli Studios;https://nulistudios.com/;(469) 809-6858;Dallas;Texas;US;https://www.google.com/maps/search/?api=1&query=Nuli%20Studios&query_place_id=ChIJNXQVM3efToYR8O_vz9dtJfs;0;cf_decode;https://nulistudios.com/;35;;;6;1
sales@nylaseroutlet.com;NY Laser Outlet;https://nylaseroutlet.com/;(800) 953-5150;New York;New York;US;https://www.google.com/maps/search/?api=1&query=NY%20Laser%20Outlet&query_place_id=ChIJsT3lqK9ZwokRFuTyldGHg3s;0;cf_decode;https://nylaseroutlet.com/;20;;;6;3
online@peacelovemed.com;Peace Love Med Spa | Botox | Lip Filler | Dysport | Facial Balancing | Non Surgical Nose Job;https://peacelovemed.com/;(561) 462-4234;Boca Raton;Florida;US;https://www.google.com/maps/search/?api=1&query=Peace%20Love%20Med%20Spa%20%7C%20Botox%20%7C%20Lip%20Filler%20%7C%20Dysport%20%7C%20Facial%20Balancing%20%7C%20Non%20Surgical%20Nose%20Job&query_place_id=ChIJGbA51A_i2IgR5JRVWLkjJlQ;0;obfuscated;https://peacelovemed.com/;10;;;6;3
consult@premieresurgicalarts.com;Premiere Surgical Arts;https://premieresurgicalarts.com/;(832) 930-7660;Houston;Texas;US;https://www.google.com/maps/search/?api=1&query=Premiere%20Surgical%20Arts&query_place_id=ChIJnxfScY7AQIYRnIhDbX_Jlo8;0;mailto;https://premieresurgicalarts.com/;40;;;6;3
support@pacboca.com;Prestige;https://pacboca.com/;(561) 235-7300;Boca Raton;Florida;US;https://www.google.com/maps/search/?api=1&query=Prestige&query_place_id=ChIJTeOOzzUf2YgRNnHjYWQMcQw;0;mailto;https://pacboca.com/;25;;;6;6
staff@rawbeautyaesthetics.com;Raw Beauty Aesthetics Medical Spa;https://rawbeautyaesthetics.com/;(818) 446-6111;Woodland Hills;California;US;https://www.google.com/maps/search/?api=1&query=Raw%20Beauty%20Aesthetics%20Medical%20Spa&query_place_id=ChIJS16WuOudwoARJNAEXnWDASg;0;ld_json;https://rawbeautyaesthetics.com/;30;;;6;3
salilgandhi@gmail.com;Rejuve Med Spa;https://rejuvemedspa.com/;(972) 265-1590;Dallas;Texas;US;https://www.google.com/maps/search/?api=1&query=Rejuve%20Med%20Spa&query_place_id=ChIJrTEvDMwjTIYRD16bpXaOzH8;0;ld_json;https://rejuvemedspa.com/;30;;;6;1
contact@renewbeautymedspa.com;Renew Beauty;https://renewbeautymedspa.com/;(214) 369-1600;Dallas;TX;US;https://www.google.com/maps/search/?api=1&query=Renew%20Beauty&query_place_id=ChIJbyg4-76fToYR7yQNSxt9gY4;0;mailto;https://renewbeautymedspa.com/;25;;;6;1
info@renewbeautymedspa.com;Renew Beauty;https://renewbeautymedspa.com/;(214) 369-1600;Dallas;TX;US;https://www.google.com/maps/search/?api=1&query=Renew%20Beauty&query_place_id=ChIJbyg4-76fToYR7yQNSxt9gY4;0;mailto;https://renewbeautymedspa.com/;25;;;6;1
info@renovalaser.com;Renova Laser Hair Removal & MedSpa;https://renovalaser.com/;(832) 831-7003;Houston;Texas;US;https://www.google.com/maps/search/?api=1&query=Renova%20Laser%20Hair%20Removal%20%26%20MedSpa&query_place_id=ChIJ5ZV1ah3BQIYRso_2UoBm9K8;0;mailto;https://renovalaser.com/;25;;;6;1
contact@renovalaser.com;Renova Laser Hair Removal & MedSpa;https://renovalaser.com/;(832) 831-7003;Houston;Texas;US;https://www.google.com/maps/search/?api=1&query=Renova%20Laser%20Hair%20Removal%20%26%20MedSpa&query_place_id=ChIJ5ZV1ah3BQIYRso_2UoBm9K8;0;mailto;https://renovalaser.com/;25;;;6;1
info@rosemilkaesthetics.com;Rose Milk Aesthetics;https://rosemilkaesthetics.com/;(832) 557-8151;Houston;Texas;US;https://www.google.com/maps/search/?api=1&query=Rose%20Milk%20Aesthetics&query_place_id=ChIJeXg9tArHQIYRSPP7V61anh0;0;ld_json;https://rosemilkaesthetics.com/;15;;;6;1
office@sanchezhenrydental.com;Sanchez + Henry Dental;https://sanchezhenrydental.com/;(505) 268-2741;Albuquerque;New Mexico;US;https://www.google.com/maps/search/?api=1&query=Sanchez%20%2B%20Henry%20Dental&query_place_id=ChIJZ6AQ2d8KIocRZMknV_5IAuA;0;mailto;https://sanchezhenrydental.com/;25;;;6;3
info@sanctuarymedical.com;Sanctuary Medical Center;https://sanctuarymedical.com/;(561) 221-0457;Boca Raton;Florida;US;https://www.google.com/maps/search/?api=1&query=Sanctuary%20Medical%20Center&query_place_id=ChIJZQA__cfh2IgR7_PErihUyPI;0;ld_json;https://sanctuarymedical.com/;15;;;6;6
hello@sanjivamedspa.com;Sanjiva Medical Spa;https://sanjivamedspa.com/;(469) 336-6769;Dallas;Texas;US;https://www.google.com/maps/search/?api=1&query=Sanjiva%20Medical%20Spa&query_place_id=ChIJNRZQOFefToYRoAIyBbPcbXI;0;ld_json;https://sanjivamedspa.com/;15;;;6;3
info@myskin22.com;Skin 22;https://myskin22.com/;(424) 888-0036;Beverly Hills;California;US;https://www.google.com/maps/search/?api=1&query=Skin%2022&query_place_id=ChIJ7yFq9jW5woAR4lQ4TRQ3sDQ;0;cf_decode;https://myskin22.com/;20;;;6;3
info@skinconceptandlaser.com;Skin Concept And Laser;https://skinconceptandlaser.com/;(646) 719-1111;New York;New York;US;https://www.google.com/maps/search/?api=1&query=Skin%20Concept%20And%20Laser&query_place_id=ChIJeYyjCDhZwokR0fdc8Q8290Y;0;mailto;https://skinconceptandlaser.com/;25;;;6;3
info@skinversemedspa.com;Skin Verse Medical Spa;https://skinversemedspa.com/;(424) 255-9289;Beverly Hills;California;US;https://www.google.com/maps/search/?api=1&query=Skin%20Verse%20Medical%20Spa&query_place_id=ChIJnfLGEf-5woARleae0sV9rac;0;mailto;https://skinversemedspa.com/;25;;;6;3
support@skinfulaesthetics.com;Skinful Aesthetics;https://skinfulaesthetics.com/;(281) 697-8080;Houston;Texas;US;https://www.google.com/maps/search/?api=1&query=Skinful%20Aesthetics&query_place_id=ChIJa0ktmWzBQIYR8QXNNUPor5k;0;json_kv;https://skinfulaesthetics.com/;10;;;6;1
iman@skinfulaesthetics.com;Skinful Aesthetics;https://skinfulaesthetics.com/;(281) 697-8080;Houston;Texas;US;https://www.google.com/maps/search/?api=1&query=Skinful%20Aesthetics&query_place_id=ChIJa0ktmWzBQIYR8QXNNUPor5k;0;html_raw;https://skinfulaesthetics.com/;10;;;6;1
marie@skinspamed.com;SkinSpaMED;https://skinspamed.com/;(972) 392-3895;Dallas;Texas;US;https://www.google.com/maps/search/?api=1&query=SkinSpaMED&query_place_id=ChIJw2ZFgt4gTIYRESSpN1nY-2I;0;ld_json;https://skinspamed.com/;30;;;6;3
office@smilela.com;Smile L.A. Downtown Modern Dentistry;https://smilela.com/;(213) 570-8775;Los Angeles;California;US;https://www.google.com/maps/search/?api=1&query=Smile%20L.A.%20Downtown%20Modern%20Dentistry&query_place_id=ChIJlxusK0-3woARG9AAHdBJhpE;0;mailto;https://smilela.com/;25;;;6;3
info@smilela.com;Smile L.A. Downtown Modern Dentistry;https://smilela.com/;(213) 570-8775;Los Angeles;California;US;https://www.google.com/maps/search/?api=1&query=Smile%20L.A.%20Downtown%20Modern%20Dentistry&query_place_id=ChIJlxusK0-3woARG9AAHdBJhpE;0;ld_json;https://smilela.com/;15;;;6;3
admin@starrejuvenation.com;Star Rejuvenation & Wellness Center;https://starrejuvenation.com/;(469) 391-0569;Addison;Texas;US;https://www.google.com/maps/search/?api=1&query=Star%20Rejuvenation%20%26%20Wellness%20Center&query_place_id=ChIJ3ej7Zgc9TIYR44wDttAtFuM;0;ld_json;https://starrejuvenation.com/;15;;;6;3
info@texashairlossclinic.com;Texas Hair Restoration and Wellness Center;https://texashairlossclinic.com/;(713) 640-5651;Houston;Texas;US;https://www.google.com/maps/search/?api=1&query=Texas%20Hair%20Restoration%20and%20Wellness%20Center&query_place_id=ChIJA1SKkZjDQIYRRehA7vfO6N8;0;mailto;https://texashairlossclinic.com/;25;;;6;3
booking@thebrowproject.com;The Brow Project;https://thebrowproject.com/;(945) 221-6806;Dallas;Texas;US;https://www.google.com/maps/search/?api=1&query=The%20Brow%20Project&query_place_id=ChIJa_k-9_ShToYRu7GmwIQSJg8;0;mailto;https://thebrowproject.com/;40;;;6;3
admin@dermatologyandlasergroup.com;The Dermatology and Laser Group;https://dermatologyandlasergroup.com/;(212) 444-8204;New York;New York;US;https://www.google.com/maps/search/?api=1&query=The%20Dermatology%20and%20Laser%20Group&query_place_id=ChIJYXF-mfdYwokRZb_mDDPzWSw;0;ld_json;https://dermatologyandlasergroup.com/;15;;;6;3
info@unicornmedspa.com;Unicorn MedSpa;https://unicornmedspa.com/;(214) 919-3055;Dallas;Texas;US;https://www.google.com/maps/search/?api=1&query=Unicorn%20MedSpa&query_place_id=ChIJa7NV2NGZToYR1iFNR_gVwS0;0;mailto;https://unicornmedspa.com/;25;;;6;3
info@upkeepmedspa.com;UPKEEP Med Spa;https://upkeepmedspa.com/;(833) 875-3377;Dallas;Texas;US;https://www.google.com/maps/search/?api=1&query=UPKEEP%20Med%20Spa&query_place_id=ChIJAR_dnRWfToYR5ElZ5LxdzTg;0;mailto;https://upkeepmedspa.com/contact;25;;;6;3
victoriaheavenlyspa@gmail.com;Victoria Heavenly Spa;https://victoriaheavenlyspa.com/;(832) 380-0696;Houston;Texas;US;https://www.google.com/maps/search/?api=1&query=Victoria%20Heavenly%20Spa&query_place_id=ChIJ_bKrDfXcQIYRGqNIjleGt94;0;cf_decode;https://victoriaheavenlyspa.com/;35;;;6;3
info@houstonskinhealth.com;ZO Skin Centre Houston;https://houstonskinhealth.com/;(832) 831-4933;Houston;Texas;US;https://www.google.com/maps/search/?api=1&query=ZO%20Skin%20Centre%20Houston&query_place_id=ChIJLyiiPY7BQIYR1_Glq19lX5Q;0;plain_text;https://houstonskinhealth.com/;0;;;6;3