email;company_name;totalScore;reviewsCount;street;city;state;country;website;phone;categories/0;categories/1;categories/2;categories/3;categories/4;categories/5;categories/6;categories/7;google_maps_url;categoryName;lead_score
apartments.praga@gmail.com;PRAGA APARTMENTS;4.7;133.0;Dátiles 412;Guayaquil;;EC;https://www.instagram.com/praga.apartments/?hl=en;+593 95 953 4489;Hotel de larga estancia;Agencia de alquiler de apartamentos;;;;;;;https://www.google.com/maps/search/?api=1&query=PRAGA%20APARTMENTS&query_place_id=ChIJsywC6JJtLZARloxz3-6DbUE;Hotel de larga estancia;95
;GRUPO INMOBIENES;4.4;40.0;Av. 2 N-E - Ing. Rodolfo Baquerizo Nazur y 7° Pasaje 1A N-E Isla Española;Guayaquil;;EC;https://www.instagram.com/inmo_bienesec?utm_source=ig_web_button_share_sheet&igsh=ZDNlZDc0MzIxNw==;+593 99 105 2697;Agencia de bienes inmuebles comerciales;;;;;;;;https://www.google.com/maps/search/?api=1&query=GRUPO%20INMOBIENES&query_place_id=ChIJ1yG1oudtLZARXKCi-6PxZ_8;Agencia de bienes inmuebles comerciales;95
;TERRATOWERS S.A.S.;;;Recinto Nueva Esperanza, Vía a la Costa 5, Km 19;Guayaquil;;EC;https://terratower.ec/;+593 99 030 0442;Promotora inmobiliaria;;;;;;;;https://www.google.com/maps/search/?api=1&query=TERRATOWERS%20S.A.S.&query_place_id=ChIJMeqJzpJzLZAR0b_42Xhg0LA;Promotora inmobiliaria;75
oym@marclub.com;Punta Blanca;4.0;3.0;Plaza Quil, Av. Carlos Luis Plaza Dañin, Local 8-9-10;Guayaquil;;EC;http://www.puntablanca.com/;+593 4-228-4050;Agencia de bienes inmuebles comerciales;;;;;;;;https://www.google.com/maps/search/?api=1&query=Punta%20Blanca&query_place_id=ChIJXWzAJJVtLZARBpw36YQt1R0;Agencia de bienes inmuebles comerciales;75
;Bienes Raíces Catedral Cía. Ltda.;4.5;19.0;Victor Emilio Estrada 12-38 y, Costanera y Victor Emilio Estrada 1238;Guayaquil;;EC;http://www.bienesraicescatedral.com/;+593 99 028 2456;Agencia de bienes inmuebles comerciales;;;;;;;;https://www.google.com/maps/search/?api=1&query=Bienes%20Ra%C3%ADces%20Catedral%20C%C3%ADa.%20Ltda.&query_place_id=ChIJt1zKI41tLZARbrBEONWatwQ;Agencia de bienes inmuebles comerciales;75
;ABR Commercial (ALFA Bienes Raíces);4.0;6.0;Av Benjamín Carrión Mora y Edif;Guayaquil;;EC;http://www.alfabienes.com/;+593 99 383 3168;Agencia inmobiliaria;;;;;;;;https://www.google.com/maps/search/?api=1&query=ABR%20Commercial%20(ALFA%20Bienes%20Ra%C3%ADces)&query_place_id=ChIJqUH2U3ptLZARPVqhS70j2vM;Agencia inmobiliaria;75
;Mundo Ambiensa - Sala de ventas;;;QW6F+Q9W;Guayaquil;;EC;https://www.ambiensa.com/;+593 96 368 4470;Agencia inmobiliaria;;;;;;;;https://www.google.com/maps/search/?api=1&query=Mundo%20Ambiensa%20-%20Sala%20de%20ventas&query_place_id=ChIJR9Ucjtd3LZAR99t_9-yP810;Agencia inmobiliaria;75
;Bienes y Raíces Tonny;4.4;14.0;Transversal 29;Guayaquil;;EC;https://m.facebook.com/fullavado/;+593 98 997 0258;Agencia de bienes inmuebles comerciales;;;;;;;;https://www.google.com/maps/search/?api=1&query=Bienes%20y%20Ra%C3%ADces%20Tonny&query_place_id=ChIJe2yBlRpvLZARbtWAuD3Y2hc;Agencia de bienes inmuebles comerciales;75
;Renato Lainez;;;Km. 58.5, Vía a la Costa;Guayaquil;;EC;http://buganville.com/;+593 99 312 9210;Promotora inmobiliaria;;;;;;;;https://www.google.com/maps/search/?api=1&query=Renato%20Lainez&query_place_id=ChIJayIZFyJ1LZARvXX7MEodxeA;Promotora inmobiliaria;75
;Costa Gardens;4.3;6.0;Vía a la Costa 5, Km 15;Guayaquil;;EC;http://www.inmocost.com/;+593 4-268-1385;Urbanización;;;;;;;;https://www.google.com/maps/search/?api=1&query=Costa%20Gardens&query_place_id=ChIJ086_sQ9zLZARiMyoTQ_VqrM;Urbanización;75
;InmobilIaria Caracol;;;Vía a la Costa 11,5;Guayaquil;;EC;http://www.inmobiliariacaracol.com/;+593 99 229 0830;Agencia inmobiliaria;;;;;;;;https://www.google.com/maps/search/?api=1&query=InmobilIaria%20Caracol&query_place_id=ChIJoTKNst5zLZAR9buy6XfUFP8;Agencia inmobiliaria;75
;Grupo Proinca;;;Urbanización Costa Brisa, Vía a la Costa km 19.5;Guayaquil;;EC;https://www.grupoproinca.com/;+593 99 725 4461;Agencia de bienes inmuebles comerciales;;;;;;;;https://www.google.com/maps/search/?api=1&query=Grupo%20Proinca&query_place_id=ChIJGSEYzb53LZARKVzXMMCSE3I;Agencia de bienes inmuebles comerciales;75
;Beth Parrales Bienes Raices;5.0;17.0;Villas del Bosque 1;Guayaquil;;EC;https://century21.com.ec/asesor/19_beth-parrales-giler;+593 93 916 9791;Agentes inmobiliarios;;;;;;;;https://www.google.com/maps/search/?api=1&query=Beth%20Parrales%20Bienes%20Raices&query_place_id=ChIJWeuQ2RVtLZARsnuVr3-bpIA;Agentes inmobiliarios;75
;R3PCNET SALA DE CAPACITACIONES;4.7;3.0;Cdla. Kennedy Nueva Plaza Dañin #3 y, Av. Miguel H. Alcivar;Guayaquil;;EC;http://www.r3pcnet.net/;+593 98 055 5080;Agencia de alquiler de espacios para oficinas;;;;;;;;https://www.google.com/maps/search/?api=1&query=R3PCNET%20SALA%20DE%20CAPACITACIONES&query_place_id=ChIJHWCeCx9tLZARdH4JXd_0twk;Agencia de alquiler de espacios para oficinas;75
;HQ Nahim Isaias;;;Avendia Miguel H. Alcivar 9 Esq, Nahím Isaías Barquet S/N;Guayaquil;;EC;https://www.hq.com/en/ecuador/guayas/samborondon?utm_source=google_uberall&utm_medium=places&utm_campaign=uberall&utm_content=uberall;+593 4-371-6666;Agencia de alquiler de espacios para oficinas;Centro de negocios;Espacio de coworking;Alquiler de oficinas virtuales;;;;;https://www.google.com/maps/search/?api=1&query=HQ%20Nahim%20Isaias&query_place_id=ChIJ__2UrNRtLZAReRFPvF3cyzk;Agencia de alquiler de espacios para oficinas;75
;Urb. Villa blanca;4.4;42.0;Vía a la Costa Km 24;Guayaquil;;EC;http://villablanca.ec/;+593 4-393-0142;Urbanización;;;;;;;;https://www.google.com/maps/search/?api=1&query=Urb.%20Villa%20blanca&query_place_id=ChIJXRTHPxp3LZAR2lBsPVllXEU;Urbanización;75
;Máster Inmobiliario;;;;Guayaquil;;EC;https://www.plusvalia.com/inmobiliarias/master-inmobiliario_50271852-inmuebles.html;+593 99 800 5491;Agencia inmobiliaria;;;;;;;;https://www.google.com/maps/search/?api=1&query=M%C3%A1ster%20Inmobiliario&query_place_id=ChIJGUpuC0ttLZARVInWEfGOt_8;Agencia inmobiliaria;75
;Perarsa Inmobiliaria;4.8;4.0;R4H5+R3V;Guayaquil;;EC;https://www.facebook.com/InmobiliariaPerarsa/;+593 4-228-1721;Oficinas de empresa;;;;;;;;https://www.google.com/maps/search/?api=1&query=Perarsa%20Inmobiliaria&query_place_id=ChIJReVXo8BtLZARqUEnkDaTv0w;Oficinas de empresa;75
;HFJM Ingenieros Consultores. URDESA, Guayaquil.;;;Acacias 1012;Guayaquil;;EC;https://x.com/HFJMINGENIERIA;+593 99 392 7249;Consultor inmobiliario;;;;;;;;https://www.google.com/maps/search/?api=1&query=HFJM%20Ingenieros%20Consultores.%20URDESA%2C%20Guayaquil.&query_place_id=ChIJmSLgBZJtLZAR4Y-KkNs7pbo;Consultor inmobiliario;75
;Terranostra;4.5;388.0;RX6X+53, 5 de la y Vía a la Costa Km 13;Guayaquil;;EC;https://www.terranostra.com.ec/;+593 97 983 5680;Urbanización;;;;;;;;https://www.google.com/maps/search/?api=1&query=Terranostra&query_place_id=ChIJdZiG8gFzLZARoYBK9jMMc1o;Urbanización;75
;HQ Atahualpa;;;4th Floor, C 1 NE - Francisco Dep. Icaza 437;Guayaquil;;EC;https://www.hq.com/en/ecuador/guayas/guayaquil?utm_source=google_uberall&utm_medium=places&utm_campaign=uberall&utm_content=uberall;+593 4-371-6666;Agencia de alquiler de espacios para oficinas;Centro de negocios;Espacio de coworking;Alquiler de oficinas virtuales;;;;;https://www.google.com/maps/search/?api=1&query=HQ%20Atahualpa&query_place_id=ChIJ_ff-33tvLZARUkdCDpqCg5Y;Agencia de alquiler de espacios para oficinas;75
;Inmobiliaria Mastarreno;4.9;72.0;CC Plaza Quil Oficina N° 1;Guayaquil;;EC;https://www.inmobiliariamastarreno.com/;+593 96 913 9500;Agencia de bienes inmuebles comerciales;;;;;;;;https://www.google.com/maps/search/?api=1&query=Inmobiliaria%20Mastarreno&query_place_id=ChIJP-PxgittLZAR5D3DkvkbE5A;Agencia de bienes inmuebles comerciales;75
;Cabaña Las Palmeras;;;Coop Polo Sur Mz N Solar 13;Guayaquil;;EC;https://www.facebook.com/SalangoLasPalmeras/?hc_ref=ARRJyjiGp2QeZxWnH2l62SYcOxVsbXpdFFOJIfGvgCDEeIs8pGe_Q2hw4tl5Q0QzKmg&fref=tag&__xts__[0]=68.ARC-YtXuGzsgW_mtTYC7Lc9Tm9yhxZhCtF9assvqBuhnwG9KolYuJ77ldv5n-9u64a7M4lRAy16Ot30Vhy14fC27PFGisL_OTQa0r8zAOhvfN_NkoXxThUOMuOb2Nyv3ufS644pT4dLmbYFLRnh46G_PdcceMw9rT_XlmHLuOZak76wd9bviaek&__tn__=kC-R;+593 99 108 4148;Agencia de alquiler de cabañas;;;;;;;;https://www.google.com/maps/search/?api=1&query=Caba%C3%B1a%20Las%20Palmeras&query_place_id=ChIJfb6K53FvLZARDHjYOs8a_GQ;Agencia de alquiler de cabañas;75
;Workshop Coworking;4.5;85.0;Peatonal Única 147 y Cedros, Cedros 305 y;Guayaquil;;EC;http://www.workshopcoworking.com/;+593 99 603 8911;Espacio de coworking;Palacio de congresos;Servicio de tecnología de eventos;Salón para eventos;Servicio de marketing por Internet;Consultora de marketing;Media consultant;Agencia de alquiler de espacios para oficinas;https://www.google.com/maps/search/?api=1&query=Workshop%20Coworking&query_place_id=ChIJ_UD4DO5tLZARWO-9i_dzK9o;Espacio de coworking;75
;YOUHOME TORRES Bellini III - IV;5.0;1.0;EcuSuites Torres Bellini https://g.co/kgs/pnYW44U;Guayaquil;;EC;https://tiktok.com/@youhome_ec;+593 96 811 8727;Agencia de alquiler de apartamentos;;;;;;;;https://www.google.com/maps/search/?api=1&query=YOUHOME%20TORRES%20Bellini%20III%20-%20IV&query_place_id=ChIJbdJgduZtLZARgdOZc5D3MJ0;Agencia de alquiler de apartamentos;75
;BIENES RAICES MANFUSAQUI;;;R4CF+V4V, Numa Pompilio Llona;Guayaquil;;EC;https://spazio907.negocio.site/?utm_source=gmb&utm_medium=referral;+593 97 890 0883;Agencia de alquiler de apartamentos;;;;;;;;https://www.google.com/maps/search/?api=1&query=BIENES%20RAICES%20MANFUSAQUI&query_place_id=ChIJjYocucJtLZARk4Snkg9XP-I;Agencia de alquiler de apartamentos;75
;Urbanización Porto Alegre;4.4;121.0;Vía a la Costa Km 13;Guayaquil;;EC;https://portoalegre.com.ec/;+593 4-220-7218;Urbanización;;;;;;;;https://www.google.com/maps/search/?api=1&query=Urbanizaci%C3%B3n%20Porto%20Alegre&query_place_id=ChIJEwVcJv9zLZARwScOtlnVsGI;Urbanización;75
;Villas del Bosque;4.5;353.0;Vía a la Costa;Guayaquil;;EC;http://villasdelbosque.espaciosurbanos.ec/;+593 4-371-1944;Urbanización privada;;;;;;;;https://www.google.com/maps/search/?api=1&query=Villas%20del%20Bosque&query_place_id=ChIJ2bebF292LZARYrW7EMYZK0I;Urbanización privada;75
;ACBIR;4.4;21.0;Edificio Empresarial 3, Parque Empresarial Colón, piso Mezzanine oficina 010;Guayaquil;;EC;http://www.acbir.com.ec/;+593 4-462-1527;Promotora inmobiliaria;;;;;;;;https://www.google.com/maps/search/?api=1&query=ACBIR&query_place_id=ChIJJaEFLi1sLZAR0w667-D-LEA;Promotora inmobiliaria;75
;Urbana Propiedades S.A.;5.0;14.0;R4W6+522, 3º Cj. 14 NE;Guayaquil;;EC;http://urbapropiedades.com/;+593 98 969 6631;Agencia de bienes inmuebles comerciales;;;;;;;;https://www.google.com/maps/search/?api=1&query=Urbana%20Propiedades%20S.A.&query_place_id=ChIJkT2PvU5tLZARArq6nIg_0t4;Agencia de bienes inmuebles comerciales;75
;R&E Bienes Raices;;;Av. José María Egas 15;Guayaquil;;EC;https://re-bienes-raices-45391682.hubspotpagebuilder.com/es/;+593 99 716 2551;Consultor inmobiliario;;;;;;;;https://www.google.com/maps/search/?api=1&query=R%26E%20Bienes%20Raices&query_place_id=ChIJw7x_AhptLZARKDUyyRBElQo;Consultor inmobiliario;75
;NARCISA CLUB;4.6;38.0;Av. Narcisa de Jesús 090703;Guayaquil;;EC;http://www.narcisaclub.com/;+593 93 907 2931;Condominio;Promotora inmobiliaria;;;;;;;https://www.google.com/maps/search/?api=1&query=NARCISA%20CLUB&query_place_id=ChIJfbUchMYTLZARR8u_cmXJb94;Condominio;75
;Garzota Suites & Dormitorios;4.5;6.0;Garzota MZ. 48 Villa 16 Al frente del parque de la Garzota A lado del C.C. Garzocentro 2000;Guayaquil;;EC;https://www.facebook.com/Garzota-Suites-Dormitorios-109451351571072/;+593 99 365 8258;Agencia de alquiler de apartamentos;;;;;;;;https://www.google.com/maps/search/?api=1&query=Garzota%20Suites%20%26%20Dormitorios&query_place_id=ChIJGVbbcTttLZARU9jnKECtAxU;Agencia de alquiler de apartamentos;75
;Paseo Tablado Zona Franca - Guayaquil;;;vía Daule Km 22.5;Guayaquil;;EC;https://www.paseotablado.com/;+593 99 368 1749;Parque empresarial;Asesor en comercio internacional;;;;;;;https://www.google.com/maps/search/?api=1&query=Paseo%20Tablado%20Zona%20Franca%20-%20Guayaquil&query_place_id=ChIJvR3t5TA87YARjripY-nplNk;Parque empresarial;75
;Alberto Inmobiliaria;;;V396+JPP, Florida Nte.;Guayaquil;;EC;https://jmvelez5.wixsite.com/my-site;+593 98 469 8976;Agentes inmobiliarios;;;;;;;;https://www.google.com/maps/search/?api=1&query=Alberto%20Inmobiliaria&query_place_id=ChIJO9w38iBzLZAR5aKpsoMmIVA;Agentes inmobiliarios;75
;Brinter 360;4.6;9.0;Edificio Sky Building Piso 7, Oficina 719;Guayaquil;;EC;https://brinter360.com/;+593 4-390-7281;Agencia inmobiliaria;;;;;;;;https://www.google.com/maps/search/?api=1&query=Brinter%20360&query_place_id=ChIJIXPl3EdtLZARoAIOGz9fDXs;Agencia inmobiliaria;75
;Chrystel Castro Asesor Inmobiliario BRinter 360;5.0;5.0;593;Guayaquil;;EC;https://brinter360.com/agente/chrystel-castro/;+593 98 161 3854;Agentes inmobiliarios;;;;;;;;https://www.google.com/maps/search/?api=1&query=Chrystel%20Castro%20Asesor%20Inmobiliario%20BRinter%20360&query_place_id=ChIJVxWbjgxtLZARkXl_DSPbsK4;Agentes inmobiliarios;75
;GeoBienes;4.5;22.0;Sky Building piso 11 oficina 1104;Guayaquil;;EC;http://geobienes.com/;+593 99 925 6900;Agencia inmobiliaria;Promotora inmobiliaria;Agentes inmobiliarios;;;;;;https://www.google.com/maps/search/?api=1&query=GeoBienes&query_place_id=ChIJFYD8H6RtLZARjQHtGSuOFa4;Agencia inmobiliaria;75
;CozyHome Bienes Raíces;5.0;2.0;W4Q5+J9V;Guayaquil;;EC;https://www.facebook.com/Bienes-Raices-Dani-Glenda-103491171505456/;+593 98 597 2322;Agencia de bienes inmuebles comerciales;;;;;;;;https://www.google.com/maps/search/?api=1&query=CozyHome%20Bienes%20Ra%C3%ADces&query_place_id=ChIJibiEAxITLZAR74AUy8do-Bo;Agencia de bienes inmuebles comerciales;75
;Plaza Sai Baba - Juan Tanca Marengo;4.1;562.0;5 y Av. Juan Tanca Marengo Km. 4;Guayaquil;;EC;http://inmobsaibaba.com/;+593 99 841 2987;Agencia inmobiliaria especializada en alquileres;;;;;;;;https://www.google.com/maps/search/?api=1&query=Plaza%20Sai%20Baba%20-%20Juan%20Tanca%20Marengo&query_place_id=ChIJyRBfBHxtLZAR6J-NYEnUATE;Agencia inmobiliaria especializada en alquileres;75
;Urbanización CostaSol;4.2;42.0;RX34+J5Q, Vía a la Costa Km 19;Guayaquil;;EC;https://costasol.com.ec/;+593 98 040 4040;Urbanización;Empresa constructora;;;;;;;https://www.google.com/maps/search/?api=1&query=Urbanizaci%C3%B3n%20CostaSol&query_place_id=ChIJy89jAqF3LZARUN-1oWF16c4;Urbanización;75
;Victor Yanez Bienes Raices Brinter 360;5.0;4.0;Av. de las Américas 510;Guayaquil;;EC;https://brinter360.com/;+593 95 864 4857;Agencia de bienes inmuebles comerciales;;;;;;;;https://www.google.com/maps/search/?api=1&query=Victor%20Yanez%20Bienes%20Raices%20Brinter%20360&query_place_id=ChIJaUV6uWdtLZARYr3m76be9u0;Agencia de bienes inmuebles comerciales;75
;Graciela Cumbe Asesor Inmobiliario;5.0;3.0;593;Guayaquil;;EC;https://www.brinter360.com/;+593 98 179 2597;Agentes inmobiliarios;;;;;;;;https://www.google.com/maps/search/?api=1&query=Graciela%20Cumbe%20Asesor%20Inmobiliario&query_place_id=ChIJgwzZVodtLZARCWyBjJA9sZk;Agentes inmobiliarios;75
;Los Lienzos;5.0;1.0;Vía a la Costa Km 12;Guayaquil;;EC;http://www.promotorahidalgo.com/;+593 99 750 0533;Promotora inmobiliaria;;;;;;;;https://www.google.com/maps/search/?api=1&query=Los%20Lienzos&query_place_id=ChIJRVsSUSVzLZARxpvrG8uKBTI;Promotora inmobiliaria;75
;CONSPROMAVI S.A Constructora y Bienes Raices;4.6;5.0;2do Pasaje 5 NE;Guayaquil;;EC;https://conspromavi.com/;+593 4-213-2574;Empresa de construcción;Arquitecto;Promotora inmobiliaria;;;;;;https://www.google.com/maps/search/?api=1&query=CONSPROMAVI%20S.A%20Constructora%20y%20Bienes%20Raices&query_place_id=ChIJO2HkVBhtLZARrFweollA-Xc;Empresa de construcción;75
;Bosko;;;Acceso 1 S-O;Guayaquil;;EC;https://www.bosko.ec/;+593 99 089 9466;Urbanización;;;;;;;;https://www.google.com/maps/search/?api=1&query=Bosko&query_place_id=ChIJqfVFPgB1LZAR4XmY1F9lYOs;Urbanización;75
;Urb. Ciudad Olimpo etapa2;4.3;437.0;QWFG+78R;Guayaquil;;EC;http://ciudad-olimpo.com/;+593 98 881 3095;Urbanización;;;;;;;;https://www.google.com/maps/search/?api=1&query=Urb.%20Ciudad%20Olimpo%20etapa2&query_place_id=ChIJ-1M1lDR2LZARA79PRYhpV0Q;Urbanización;75
;Urbanización Bella Vita 2;4.6;34.0;QW5C+X4, Urbanización BellaVita 2;Guayaquil;;EC;https://www.bellavita.ec/;+593 99 425 3842;Urbanización;;;;;;;;https://www.google.com/maps/search/?api=1&query=Urbanizaci%C3%B3n%20Bella%20Vita%202&query_place_id=ChIJU48GH9Z3LZARN-9HZ_nh294;Urbanización;75
;Urbanización Alba Del Bosque;4.6;48.0;Vía a la Costa Km. 18;Guayaquil;;EC;https://albadelbosque.com.ec/;+593 99 006 0300;Urbanización;;;;;;;;https://www.google.com/maps/search/?api=1&query=Urbanizaci%C3%B3n%20Alba%20Del%20Bosque&query_place_id=ChIJF-IwTN51LZAR9QwG0TuHiK4;Urbanización;75
;Rivalty Elite Estate;5.0;1.0;;Guayaquil;;EC;https://rivaltyestate.lovable.app/;+593 98 308 8256;Agencia de bienes inmuebles comerciales;;;;;;;;https://www.google.com/maps/search/?api=1&query=Rivalty%20Elite%20Estate&query_place_id=ChIJ5UC076ZtLZARqspXpqAceZY;Agencia de bienes inmuebles comerciales;75
;VILLA BONITA (MI LOTE) JUAN JOSÉ DEL POZO;4.1;43.0;KM 16 VIA DAULE ENTRANDO POR LA BIG, COLA;Daule;;EC;http://www.plusvalia.com/;+593 99 871 4870;Promotora inmobiliaria;;;;;;;;https://www.google.com/maps/search/?api=1&query=VILLA%20BONITA%20(MI%20LOTE)%20JUAN%20JOS%C3%89%20DEL%20POZO&query_place_id=ChIJ7Vxzkk8MLZARlusLfLpvd6w;Promotora inmobiliaria;75
;Mundo Ambiensa - Sala de ventas;5.0;1.0;Edificio World Trade Center, Millenium Gallery, Local 45;Guayaquil;;EC;https://www.ambiensa.com/;;Agentes inmobiliarios;;;;;;;;https://www.google.com/maps/search/?api=1&query=Mundo%20Ambiensa%20-%20Sala%20de%20ventas&query_place_id=ChIJ_dlBBk1tLZARrP6JMlHcIyw;Agentes inmobiliarios;65
;Inmohaus360;;;Álamos Norte Mz. 11 Villa 16;Guayaquil;;EC;http://inmohaus360.com/;;Agencia inmobiliaria;;;;;;;;https://www.google.com/maps/search/?api=1&query=Inmohaus360&query_place_id=ChIJqbFz6G1tLZARoa9782-Qn8E;Agencia inmobiliaria;65
;"Urbanizacion ""ALMANGLA""";;;Acceso 1 S-O;Guayaquil;;EC;https://www.imolux.ec/almangla/;;Urbanización;;;;;;;;https://www.google.com/maps/search/?api=1&query=Urbanizacion%20%22ALMANGLA%22&query_place_id=ChIJwddak2lzLZARx9y4sc7R4PU;Urbanización;65
;Inmobiliaria Leon - One-Bedroom Apartment;;;;Guayaquil;;EC;https://br.bluepillow.com/search/648581e87f7e24c1922cb920?dest=bkng&cat=House&lat=-2.1254&lng=-79.92166&language=pt;;Cámara;Vacation rental;;;;;;;https://www.google.com/maps/search/?api=1&query=Inmobiliaria%20Leon%20-%20One-Bedroom%20Apartment&query_place_id=ChIJVxczIqdyLZAR_20v6RlSIno;Cámara;65
;Inmobiliaria Vallejo;5.0;9.0;;;;;https://www.instagram.com/inmobiliariavallejo?igsh=MXUwa3ZvMXA5czMwMQ==;+593 96 951 5671;Agencia inmobiliaria;Service establishment;Consultor inmobiliario;Agencia inmobiliaria especializada en alquileres;;;;;https://www.google.com/maps/search/?api=1&query=Inmobiliaria%20Vallejo&query_place_id=ChIJp795hKJyLZARv1EbMabOxho;Agencia inmobiliaria;45
;Renace Grupo Inmobiliario;5.0;7.0;;;;;https://www.renacegrupoinmobiliario.com.ec/;+593 96 806 0919;Agencia inmobiliaria;Service establishment;;;;;;;https://www.google.com/maps/search/?api=1&query=Renace%20Grupo%20Inmobiliario&query_place_id=ChIJE5oRNJdqvwoRj6FQm878sXM;Agencia inmobiliaria;25