company_name,totalScore,reviewsCount,street,city,state,country,website,phone,categories/0,categories/1,categories/2,categories/3,categories/4,categories/5,categories/6,categories/7,categories/8,categories/9,google_maps_url,categoryName,email,lead_score
Spa Order,4.7,76,4001 E Plano Pkwy # 100,Plano,Texas,US,http://www.spaorder.com/,(833) 907-1791,Wholesaler,Beauty products wholesaler,,,,,,,,,https://www.google.com/maps/search/?api=1&query=Spa%20Order&query_place_id=ChIJzfSVplzZ3IARu7Kdat2is8I,Wholesaler,,55
Oral Surgery Associates of North Texas,4.9,448,5501 Independence Pkwy Ste 104,Plano,Texas,US,https://www.northtexasoralsurgery.com/,(972) 985-7555,Oral surgeon,Dental implants periodontist,,,,,,,,,https://www.google.com/maps/search/?api=1&query=Oral%20Surgery%20Associates%20of%20North%20Texas&query_place_id=ChIJuyVlI-8jTIYRD1752YS47OA,Oral surgeon,,55
LifeSpa,4.9,65,7100 Preston Rd,Plano,Texas,US,https://my.lifetime.life/clubs/tx/plano/services/lifespa.html,(972) 202-8124,Hair salon,Beauty salon,Day spa,Facial spa,Massage spa,Massage therapist,Nail salon,Spa,Waxing hair removal service,,https://www.google.com/maps/search/?api=1&query=LifeSpa&query_place_id=ChIJwczoBSsjTIYR8hpsvxJOv5U,Hair salon,,55
"Scott Harris, MD",4.7,65,6020 W Plano Pkwy,Plano,Texas,US,https://www.scottharrismd.com/,(972) 543-2474,Plastic surgeon,Hair replacement service,Hair transplantation clinic,Plastic surgery clinic,Skin care clinic,Surgical center,,,,,https://www.google.com/maps/search/?api=1&query=Scott%20Harris%2C%20MD&query_place_id=ChIJ87k4kmUiTIYRaI1wEio0nM0,Plastic surgeon,,55
"Lam Facial Plastics - Samuel M. Lam, MD, FACS",4.6,396,6101 Chapel Hill Blvd Suite 101,Plano,Texas,US,https://www.lamfacialplastics.com/?utm_source=google&utm_medium=organic&utm_campaign=gbp&utm_term=Samuel-M-Lam-MD-FACS-LamFacial-Plastics&utm_content=website,(972) 312-8188,Plastic surgeon,Facial spa,Plastic surgery clinic,Skin care clinic,Surgical center,,,,,,https://www.google.com/maps/search/?api=1&query=Lam%20Facial%20Plastics%20-%20Samuel%20M.%20Lam%2C%20MD%2C%20FACS&query_place_id=ChIJV4Kztn0jTIYRmp1npkS94Z0,Plastic surgeon,,55
Vida Bela Plastic Surgery: Chelsea Snider MD,4.9,378,3108 Midway Rd STE 102,Plano,Texas,US,http://www.vidabelaplasticsurgery.com/?utm_source=GMBlisting&utm_medium=organic&utm_campaign=gmb,(469) 598-2400,Plastic surgeon,Beauty product supplier,Cosmetic surgeon,Laser hair removal service,Medical spa,Pediatric surgeon,Plastic surgery clinic,Skin care clinic,Spa,Surgeon,https://www.google.com/maps/search/?api=1&query=Vida%20Bela%20Plastic%20Surgery%3A%20Chelsea%20Snider%20MD&query_place_id=ChIJVWcTPVk9TIYRrJHdmg74wuw,Plastic surgeon,,55
OVME,4.7,160,7500 Windrose Ave. Suite B192,Plano,Texas,US,https://ovme.com/pages/legacy-west-plano-tx,(469) 915-6863,Medical spa,Laser hair removal service,,,,,,,,,https://www.google.com/maps/search/?api=1&query=OVME&query_place_id=ChIJX0R_nmg9TIYROzWzfs-ym2s,Medical spa,,55
Renaissance Plastic Surgery,4.8,519,5880 Ashmill Dr STE 200,Plano,Texas,US,https://www.renaissanceplasticsurgerytx.com/,(972) 378-3870,Plastic surgeon,Cosmetic surgeon,Hair transplantation clinic,Plastic surgery clinic,Surgeon,,,,,,https://www.google.com/maps/search/?api=1&query=Renaissance%20Plastic%20Surgery&query_place_id=ChIJxZS2PF8jTIYRp0UTx7teTAA,Plastic surgeon,,55
Plano Plastic Spa,4.9,74,4100 W 15th St STE 106,Plano,Texas,US,https://planoplasticspa.com/?utm_source=google&utm_medium=gbp&utm_campaign=gmb,(972) 599-2900,Medical spa,,,,,,,,,,https://www.google.com/maps/search/?api=1&query=Plano%20Plastic%20Spa&query_place_id=ChIJ238AKWgiTIYR3OGSqt5xWkg,Medical spa,,55
Derma Med Spa - Plano,4.7,55,2301 N Central Expy 272 (2nd Floor,Plano,Texas,US,http://www.dermamedspas.com/,(945) 284-8547,Medical spa,,,,,,,,,,https://www.google.com/maps/search/?api=1&query=Derma%20Med%20Spa%20-%20Plano&query_place_id=ChIJj7n1haYZTIYRVjucP9vwHCo,Medical spa,,55
Sterling Salon Suites,4.6,55,3645 Dallas Pkwy suite 501,Plano,Texas,US,https://sterlingsalonsuites.com/,(214) 308-0177,Coworking space,Beauty salon,Hair removal service,Hair salon,Make-up artist,Massage therapist,Skin care clinic,Stylist,,,https://www.google.com/maps/search/?api=1&query=Sterling%20Salon%20Suites&query_place_id=ChIJuXLimmAjTIYRXOGMTOjSydg,Coworking space,,55
Simplicity Laser,4.8,230,7200 Bishop Rd Ste D260,Plano,Texas,US,https://simplicitylaser.com/pages/laser-hair-removal-in-plano-tx,(800) 559-9138,Laser hair removal service,Hair removal service,Health and beauty shop,Medical spa,Skin care clinic,,,,,,https://www.google.com/maps/search/?api=1&query=Simplicity%20Laser&query_place_id=ChIJlTbzvrQ9TIYRiwqB5CTp9mI,Laser hair removal service,,55
It's A Secret Med Spa,4.7,378,8232 Preston Rd Suite 115,Plano,Texas,US,https://secretmedspa.com/plano-tx/,(469) 786-5874,Medical spa,,,,,,,,,,https://www.google.com/maps/search/?api=1&query=It's%20A%20Secret%20Med%20Spa&query_place_id=ChIJAQCQZ8M8TIYR76vlNNqSr9U,Medical spa,,55
beem® Light Sauna West Plano,4.9,72,2108 Dallas Pkwy #216A,Plano,Texas,US,https://beemlightsauna.com/west-plano/,(214) 789-5425,Health spa,Sauna,Spa,Wellness center,,,,,,,https://www.google.com/maps/search/?api=1&query=beem%C2%AE%20Light%20Sauna%20West%20Plano&query_place_id=ChIJJV6F-GAjTIYREzW0hsBD9S4,Health spa,,55
Advanced Dermasurgery Associates,4.6,76,5060 Tennyson Pkwy Ste 200,Plano,Texas,US,https://drposten.com/?utm_source=gbp&utm_medium=organic&utm_campaign=website_link&y_source=1_NjYyNDA0ODAtNzE1LWxvY2F0aW9uLndlYnNpdGU%3D,(972) 726-6647,Dermatologist,Skin care clinic,,,,,,,,,https://www.google.com/maps/search/?api=1&query=Advanced%20Dermasurgery%20Associates&query_place_id=ChIJ-fOpaJYyTIYRWcN6bm2lnKE,Dermatologist,,55
Brilliance Skin and Laser,4.9,56,5813 Preston Rd 554 Suite 202,Plano,Texas,US,https://www.brillianceskin.us/specials,(469) 450-0012,Medical spa,Facial spa,Laser hair removal service,,,,,,,,https://www.google.com/maps/search/?api=1&query=Brilliance%20Skin%20and%20Laser&query_place_id=ChIJAYYeJzEjTIYRi62Ieo-SVE0,Medical spa,,55
Lift N Fill Aesthetics By Sandra (liftnfill),5.0,51,"6505 W Park Blvd Suite 160, Studio 105",Plano,Texas,US,https://liftnfillaestheticsbysandra.janeapp.com/,(469) 769-0108,Medical spa,Skin care clinic,,,,,,,,,https://www.google.com/maps/search/?api=1&query=Lift%20N%20Fill%20Aesthetics%20By%20Sandra%20(liftnfill)&query_place_id=ChIJIemB9B8lTIYRvNLPGoJrFmM,Medical spa,,55
Sada Cosmetic NP Med Spa/Botox & Filler Plano,5.0,54,7800 Preston Rd # 145,Plano,Texas,US,http://www.sadamedspa.com/,(214) 207-4649,Medical spa,,,,,,,,,,https://www.google.com/maps/search/?api=1&query=Sada%20Cosmetic%20NP%20Med%20Spa%2FBotox%20%26%20Filler%20Plano&query_place_id=ChIJNZ1E5DofTIYRZNx8BmRkQUw,Medical spa,,55
Metamorph Med Spa,5.0,467,960 Ohio Dr Suite 200,Plano,Texas,US,https://www.metamorphmedspa.com/,(972) 519-3134,Medical spa,Health spa,IV therapy service,Skin care clinic,Weight loss service,Wellness center,,,,,https://www.google.com/maps/search/?api=1&query=Metamorph%20Med%20Spa&query_place_id=ChIJXSQ8-eIjTIYRAIZoiBgLKsw,Medical spa,,55
Atlas Cosmetic & Family Dentistry of Plano,4.9,293,909 W Spring Creek Pkwy Ste 490,Plano,Texas,US,https://www.atlasdentistryplano.com/,(469) 367-0266,Dentist,Cosmetic dentist,Dental clinic,Dental implants provider,Emergency dental service,Pediatric dentist,,,,,https://www.google.com/maps/search/?api=1&query=Atlas%20Cosmetic%20%26%20Family%20Dentistry%20of%20Plano&query_place_id=ChIJrTN68lwZTIYRp0mrgK2M7Qw,Dentist,,55
All About Beauty Academy,4.9,99,5501 Independence Pkwy Suite 310,Plano,Texas,US,http://www.allaboutbeautyacademy.com/,(469) 463-3090,Beauty school,Barber school,Education center,Esthetics service,Laser hair removal service,Permanent make-up clinic,Training center,Vocational school,,,https://www.google.com/maps/search/?api=1&query=All%20About%20Beauty%20Academy&query_place_id=ChIJaRs_kE8ZTIYRUfWPqVaICIE,Beauty school,,55
Restore Hyper Wellness,4.9,279,1941 Preston Rd #1035,Plano,Texas,US,https://www.restore.com/locations/tx-plano-tx005?utm_source=gmb&utm_medium=Yext&y_source=1_MzE2Mjk5MjctNzE1LWxvY2F0aW9uLndlYnNpdGU%3D,(469) 969-2878,Medical spa,IV therapy service,Wellness center,,,,,,,,https://www.google.com/maps/search/?api=1&query=Restore%20Hyper%20Wellness&query_place_id=ChIJrw3b2KsjTIYRjw4pGilRSB0,Medical spa,,55
Innovative Dermatology,4.8,1071,8080 Independence Pkwy #150,Plano,Texas,US,https://innovative-dermatology.com/?utm_source=gbp&utm_medium=organic&utm_campaign=website_link&y_source=1_NjYyNDA1MDUtNzE1LWxvY2F0aW9uLndlYnNpdGU%3D,(214) 919-3500,Dermatologist,Pediatric dermatologist,Skin care clinic,,,,,,,,https://www.google.com/maps/search/?api=1&query=Innovative%20Dermatology&query_place_id=ChIJi4Bhp-IXTIYRgQzrvCBWmAI,Dermatologist,,55
Park Mall Animal Clinic,4.8,729,2721 Dobie Dr,Plano,Texas,US,http://www.pmacplano.com/,(972) 423-1804,Animal hospital,,,,,,,,,,https://www.google.com/maps/search/?api=1&query=Park%20Mall%20Animal%20Clinic&query_place_id=ChIJjd6Z-wYZTIYRFi5SPCfGd9U,Animal hospital,,55
Stone International Wellness Center,5.0,85,1108 W Parker Rd Ste 102,Plano,Texas,US,https://www.stoneiwc.com/,(972) 473-2205,Holistic medicine practitioner,,,,,,,,,,https://www.google.com/maps/search/?api=1&query=Stone%20International%20Wellness%20Center&query_place_id=ChIJtZdWkHgjTIYR1-jXe7wCbjM,Holistic medicine practitioner,,55
Themedspabyrayray,4.8,64,6200 Chase Oaks Blvd #101,Plano,Texas,US,https://linktr.ee/rayrayspa,(682) 521-6752,Medical spa,Medical clinic,,,,,,,,,https://www.google.com/maps/search/?api=1&query=Themedspabyrayray&query_place_id=ChIJn3mn9kQpTIYRHg6ibibhCgA,Medical spa,,55
Dallas Associated Dermatologists,4.9,3042,7000 Preston Rd Suite #500,Plano,Texas,US,https://dallasassocderm.com/?utm_source=gbp&utm_medium=organic&utm_campaign=website_link&y_source=1_NjYyNDA0OTUtNzE1LWxvY2F0aW9uLndlYnNpdGU%3D,(214) 987-3376,Dermatologist,Skin care clinic,,,,,,,,,https://www.google.com/maps/search/?api=1&query=Dallas%20Associated%20Dermatologists&query_place_id=ChIJgQ_QHCsjTIYRx-Lu2FI-Hf8,Dermatologist,,55
DSA Dermatology,4.9,1451,5072 W Plano Pkwy #150,Plano,Texas,US,http://www.dsadermatology.com/,(972) 985-7100,Dermatologist,Laser hair removal service,Skin care clinic,,,,,,,,https://www.google.com/maps/search/?api=1&query=DSA%20Dermatology&query_place_id=ChIJx2mWJV4iTIYR5rjlIJLxZIA,Dermatologist,,55
Express Health Systems,4.8,459,230 W Parker Rd suite 210a,Plano,Texas,US,https://www.expresshealthsystems.com/,(469) 786-1751,Weight loss service,Walk-in clinic,,,,,,,,,https://www.google.com/maps/search/?api=1&query=Express%20Health%20Systems&query_place_id=ChIJNQ4kYlMYTIYRkN0KEQtaKqA,Weight loss service,,55
Johnny Rodriguez The Salon,4.8,502,7500 Windrose Ave. b193,Plano,Texas,US,https://www.johnnyrodriguezsalon.com/,(214) 987-1919,Hair salon,Beauty salon,Hair extension technician,Stylist,Hairdresser,,,,,,https://www.google.com/maps/search/?api=1&query=Johnny%20Rodriguez%20The%20Salon&query_place_id=ChIJ5y1r6E09TIYRPURgvqRvXgU,Hair salon,,55
sugaringLA,5.0,112,5700 Legacy Dr A3,Plano,Texas,US,https://www.sugaringla.com/plano-tx/,(972) 608-3668,Waxing hair removal service,Eyebrow bar,Eyelash salon,Facial spa,,,,,,,https://www.google.com/maps/search/?api=1&query=sugaringLA&query_place_id=ChIJDb5orS49TIYRAKUs-xXIfl8,Waxing hair removal service,,55
Total Med Solutions,4.8,910,6101 Windcom Ct #300,Plano,Texas,US,https://totalmedsolutions.com/,(214) 987-9203,Medical spa,Health spa,Women's health clinic,,,,,,,,https://www.google.com/maps/search/?api=1&query=Total%20Med%20Solutions&query_place_id=ChIJwdaTIF8jTIYR4AGCX3n8fno,Medical spa,,55
McGuiness Dermatology,4.9,2447,6000 W Spring Creek Pkwy Suite 200,Plano,Texas,US,https://mcguinessdermatology.com/,(972) 316-4555,Dermatologist,Plastic surgeon,Wellness center,,,,,,,,https://www.google.com/maps/search/?api=1&query=McGuiness%20Dermatology&query_place_id=ChIJUTM9KV8jTIYRo1-2073fMiU,Dermatologist,,55
Daniela Bell Makeup Studio,4.9,167,1921 Preston Rd suite 2066 room 145,Plano,Texas,US,https://www.danielabellbeauty.com/,(469) 714-5781,Permanent make-up clinic,Beauty school,Hair salon,Make-up artist,,,,,,,https://www.google.com/maps/search/?api=1&query=Daniela%20Bell%20Makeup%20Studio&query_place_id=ChIJ9Y3pKqojTIYRjJDqTbCJxt8,Permanent make-up clinic,,55
Esthetic Image Dentistry,4.9,105,4708 W Plano Pkwy STE 100,Plano,Texas,US,http://www.estheticimagedentistry.com/,(972) 612-8388,Dentist,Cosmetic dentist,Dental implants provider,,,,,,,,https://www.google.com/maps/search/?api=1&query=Esthetic%20Image%20Dentistry&query_place_id=ChIJdbZ4PE0iTIYRKg2Fb7Nwgkc,Dentist,,55
Herzog Vitality Center,4.9,117,1820 Preston Park Blvd #1600,Plano,Texas,US,https://herzogvitalitycenter.com/,(972) 833-6200,Wellness center,Health consultant,Health counselor,,,,,,,,https://www.google.com/maps/search/?api=1&query=Herzog%20Vitality%20Center&query_place_id=ChIJweTBmp4kTIYRErmF-7FregY,Wellness center,,55
Plano Plastic Surgery,4.8,161,4100 W 15th St STE 106,Plano,Texas,US,https://dryaker.com/?utm_source=google&utm_medium=localsearch&utm_campaign=gmb,(972) 985-7474,Plastic surgeon,Surgeon,,,,,,,,,https://www.google.com/maps/search/?api=1&query=Plano%20Plastic%20Surgery&query_place_id=ChIJ238AKWgiTIYRX2FFOOfE3xs,Plastic surgeon,,55
"Trissa Connors, MD, FAAD",4.9,178,2000 Dallas Pkwy Suite 200,Plano,Texas,US,https://www.evolvederm.com/,(214) 550-4890,Dermatologist,,,,,,,,,,https://www.google.com/maps/search/?api=1&query=Trissa%20Connors%2C%20MD%2C%20FAAD&query_place_id=ChIJtTllSGsjQYYRThLJaA3Bkgs,Dermatologist,,55
Wellness at the Spa,5.0,125,6529 W Plano Pkwy Ste B,Plano,Texas,US,https://wellnessatthespa.com/,(214) 489-7757,Medical spa,,,,,,,,,,https://www.google.com/maps/search/?api=1&query=Wellness%20at%20the%20Spa&query_place_id=ChIJTcCgo10hTIYR5Dt-0TCMZnI,Medical spa,,55
"Parsha Forouzan, MD",5.0,275,9955 Gillespie Dr Suite 100,Plano,Texas,US,https://www.brookseyemd.com/dr-parsha-forouzan-ophthalmologist/?utm_source=Google&utm_medium=GBP&utm_id=Provider,(972) 403-1110,Ophthalmologist,,,,,,,,,,https://www.google.com/maps/search/?api=1&query=Parsha%20Forouzan%2C%20MD&query_place_id=ChIJ-fLFuqM9TIYRQW9mZLOLN84,Ophthalmologist,,55
NeoWell,4.8,158,8200 Preston Rd Suite 100,Plano,Texas,US,https://neowell.com/,(972) 746-8887,Training center,Medical spa,Wellness center,,,,,,,,https://www.google.com/maps/search/?api=1&query=NeoWell&query_place_id=ChIJiVLhx_A9TIYRnO-kL5Rejag,Training center,,55
Original Skin,4.9,56,6101 Chapel Hill Blvd STE 201,Plano,Texas,US,https://originalskindfw.com/,(469) 809-2699,Medical spa,Skin care clinic,,,,,,,,,https://www.google.com/maps/search/?api=1&query=Original%20Skin&query_place_id=ChIJ4SUAnCEjTIYRkia96qbIyvE,Medical spa,,55
"Sophia Rahman, MD- Primary Care, Weight Management & Aesthetics",4.6,109,1212 Coit Rd #105,Plano,Texas,US,https://www.sophiarahmanmd.com/,(972) 782-2811,Doctor,General practitioner,Hair replacement service,Health consultant,Internist,Medical Center,Medical clinic,Medical spa,Women's health clinic,Skin care clinic,https://www.google.com/maps/search/?api=1&query=Sophia%20Rahman%2C%20MD-%20Primary%20Care%2C%20Weight%20Management%20%26%20Aesthetics&query_place_id=ChIJ03RUVAwnTIYRgGLZqweKu1A,Doctor,,55
Skin Theory LLC,5.0,65,6833 Coit Rd # 102,Plano,Texas,US,http://skintheoryllc.com/,(469) 456-7548,Skin care clinic,Cosmetics store,Facial spa,,,,,,,,https://www.google.com/maps/search/?api=1&query=Skin%20Theory%20LLC&query_place_id=ChIJbdrfQ7UZTIYRuWskko-okTE,Skin care clinic,,55
RUMI Aesthetics,4.7,69,3465 National Dr Suite 105,Plano,Texas,US,http://www.rumiaesthetics.com/,(214) 894-4533,Medical spa,Facial spa,Medical clinic,Skin care clinic,Spa,Weight loss service,,,,,https://www.google.com/maps/search/?api=1&query=RUMI%20Aesthetics&query_place_id=ChIJCTOJVhA9TIYRQDScEjNxP-Y,Medical spa,,55
Women's Health Boutique,4.7,73,3115 W Parker Rd #270,Plano,Texas,US,http://www.mywhb.com/,(972) 985-4477,Medical supply store,Maternity store,Orthotics & prosthetics service,Wig shop,,,,,,,https://www.google.com/maps/search/?api=1&query=Women's%20Health%20Boutique&query_place_id=ChIJbaRuUoMiTIYRPU683t_rFhg,Medical supply store,,55
"Pooyan Rohani, M.D.",5.0,146,6000 Spring Creek Pkwy,Plano,Texas,US,http://rohanimd.com/,(972) 316-4555,Dermatologist,Surgeon,,,,,,,,,https://www.google.com/maps/search/?api=1&query=Pooyan%20Rohani%2C%20M.D.&query_place_id=ChIJczyVz1YjTIYRzlhXDoxz6KI,Dermatologist,,55
WEIMEI MED SPA & ANTI-AGING CENTER,5.0,63,4666 McDermott Rd STE 200,Plano,Texas,US,https://weimeimedspa.com/,(469) 609-9800,Medical spa,Skin care clinic,Wellness center,,,,,,,,https://www.google.com/maps/search/?api=1&query=WEIMEI%20MED%20SPA%20%26%20ANTI-AGING%20CENTER&query_place_id=ChIJOYqb4tY9TIYRBtyDAucBHsg,Medical spa,,55
Down South Sugaring,5.0,161,3645 Dallas Pkwy suite 501,Plano,Texas,US,http://downsouthsugaring.com/,(972) 815-3418,Hair removal service,Waxing hair removal service,,,,,,,,,https://www.google.com/maps/search/?api=1&query=Down%20South%20Sugaring&query_place_id=ChIJuXLimmAjTIYR1cMIeGacrEc,Hair removal service,,55
Belleza Colombiana,4.8,378,6101 Chapel Hill Blvd Suite 104,Plano,Texas,US,https://bellezacolombianaspa.com/?utm_source=GMBlisting&utm_medium=organic&utm_campaign=gmb,(469) 316-4055,Lymph drainage therapist,Massage spa,Massage therapist,Medical spa,Weight loss service,Wellness center,,,,,https://www.google.com/maps/search/?api=1&query=Belleza%20Colombiana&query_place_id=ChIJY2_i7xIjTIYRxQPSaO7MPqM,Lymph drainage therapist,,55
Skin Pharm,5.0,180,5801 Headquarters Dr suite 920,Plano,Texas,US,https://skinpharm.com/pages/skincare-plano,(214) 548-3575,Skin care clinic,Health and beauty shop,Medical spa,,,,,,,,https://www.google.com/maps/search/?api=1&query=Skin%20Pharm&query_place_id=ChIJcZWVxaY9TIYRKSMDnriJuiI,Skin care clinic,,55
RX MD Solutions MedSpa,5.0,113,5040 Tennyson Pkwy Suite B,Plano,Texas,US,https://www.rxmdsolutions.com/,(972) 200-2019,Medical spa,,,,,,,,,,https://www.google.com/maps/search/?api=1&query=RX%20MD%20Solutions%20MedSpa&query_place_id=ChIJF8QmPs0jTIYRqYXtRJHNhW8,Medical spa,,55
Innovative Dermatology: West Plano Medical Village,4.8,700,5655 W Spring Creek Pkwy Suite 105,Plano,Texas,US,http://www.innovative-dermatology.com/,(214) 919-3500,Dermatologist,Skin care clinic,,,,,,,,,https://www.google.com/maps/search/?api=1&query=Innovative%20Dermatology%3A%20West%20Plano%20Medical%20Village&query_place_id=ChIJ_UnmgjcjTIYRNEMnwZzzLgQ,Dermatologist,,55
Skin Laundry - Plano,4.5,252,5700 Legacy Dr A2,Plano,Texas,US,https://www.skinlaundry.com/locations/plano,(972) 737-9058,Skin care clinic,Facial spa,Hair removal service,Laser hair removal service,Medical spa,,,,,,https://www.google.com/maps/search/?api=1&query=Skin%20Laundry%20-%20Plano&query_place_id=ChIJpRvTbcA9TIYRrUEIxU6ONJA,Skin care clinic,,55
Beauty Lab by Irina,4.9,72,3645 Dallas Pkwy suite 501 #113,Plano,Texas,US,https://beautylabbyirina.zoca.com/?utm_source=googlemaps&utm_medium=googlemaps&utm_campaign=googlemaps,(786) 604-1991,Facial spa,Beauty salon,Eyebrow bar,Eyelash salon,Skin care clinic,Waxing hair removal service,,,,,https://www.google.com/maps/search/?api=1&query=Beauty%20Lab%20by%20Irina&query_place_id=ChIJI7_vTe0jTIYRpI_KHvqjAp8,Facial spa,,55
Evolve Dermatology,4.9,156,2000 Dallas Pkwy Suite 200,Plano,Texas,US,https://www.evolvederm.com/?utm_source=google&utm_medium=organic&utm_campaign=gbp&utm_term=Evolve-Dermatology-Plano&utm_content=website,(214) 550-4890,Dermatologist,Pediatric dermatologist,Skin care clinic,,,,,,,,https://www.google.com/maps/search/?api=1&query=Evolve%20Dermatology&query_place_id=ChIJFSbgyWojTIYR0sqPPMrRxh4,Dermatologist,,55
"Joseph R. Yaker, MD - YAKER Hair Restoration + Med Spa",4.6,141,"PARKER PRESTON OFFICE BUILDING, 3242 Preston Rd #160",Plano,Texas,US,https://www.yakermd.com/?utm_source=google&utm_medium=organic&utm_campaign=GMB,(972) 468-8301,Hair transplantation clinic,Medical spa,,,,,,,,,https://www.google.com/maps/search/?api=1&query=Joseph%20R.%20Yaker%2C%20MD%20-%20YAKER%20Hair%20Restoration%20%2B%20Med%20Spa&query_place_id=ChIJh4oyKGgiTIYR01TjBFD0nK0,Hair transplantation clinic,,55
Plano Animal Clinic,4.8,94,3205 Alma Dr #415,Plano,Texas,US,http://www.planoanimalclinic.com/,(972) 422-5116,Veterinarian,,,,,,,,,,https://www.google.com/maps/search/?api=1&query=Plano%20Animal%20Clinic&query_place_id=ChIJgw6nvlAYTIYRseMlRZVNKf8,Veterinarian,,55
Sugaring NYC - Plano,4.9,246,4025 Preston Rd #606,Plano,Texas,US,https://www.sugaringnyc.com/locations/sugaringnyc-plano-texas/,(972) 378-6599,Waxing hair removal service,,,,,,,,,,https://www.google.com/maps/search/?api=1&query=Sugaring%20NYC%20-%20Plano&query_place_id=ChIJY1I95CkjTIYRE6ciVCPZg8c,Waxing hair removal service,,55
Chase Oaks Animal Clinic,4.5,121,141 W Spring Creek Pkwy #415,Plano,Texas,US,https://chaseoaksvet.com/,(972) 517-1970,Animal hospital,Veterinarian,,,,,,,,,https://www.google.com/maps/search/?api=1&query=Chase%20Oaks%20Animal%20Clinic&query_place_id=ChIJZ_Xt8ccZTIYRwFXnoAlqCes,Animal hospital,,55
InjectCo MedSpa Plano,4.9,80,"Inside of Phenix Suites of Willow Bend, 5964 W Parker Rd Suite 107",Plano,Texas,US,https://injectco.com/services/med-spa-plano-tx/?utm_source=google&utm_medium=organic&utm_campaign=gbp-plano,(972) 430-9297,Medical spa,Facial spa,Hair replacement service,Men's health physician,Women's health clinic,Skin care clinic,Weight loss service,Wellness center,,,https://www.google.com/maps/search/?api=1&query=InjectCo%20MedSpa%20Plano&query_place_id=ChIJr6p6KFQjTIYRu1N9Gw-6hO0,Medical spa,,55
VIVA Medspa,4.9,55,5880 Ashmill Dr Ste 250,Plano,Texas,US,https://www.vivamedspa.com/,(972) 378-3870,Medical spa,Facial spa,IV therapy service,Laser hair removal service,Skin care clinic,,,,,,https://www.google.com/maps/search/?api=1&query=VIVA%20Medspa&query_place_id=ChIJ8YRIDbA8TIYRc6FTJD8t5fo,Medical spa,,55
Glow On Beauty,5.0,51,1805 Preston Rd Rm 901,Plano,Texas,US,http://glow-on-beauty.com/,(469) 298-9446,Facial spa,Medical spa,,,,,,,,,https://www.google.com/maps/search/?api=1&query=Glow%20On%20Beauty&query_place_id=ChIJCb98SLolTIYRK7r0udg2am4,Facial spa,,55
Skin LovER Aesthetics,5.0,72,4601 Old Shepard Pl STE 210,Plano,Texas,US,http://www.skinloverspa.com/,(469) 333-1401,Day spa,Medical spa,,,,,,,,,https://www.google.com/maps/search/?api=1&query=Skin%20LovER%20Aesthetics&query_place_id=ChIJswSLCakjTIYRz_4qGuLGqec,Day spa,,55
Vybe Aesthetics,4.9,307,8608 Preston Rd Ste 100 Room #15,Plano,Texas,US,http://www.vybeaesthetics.com/,(214) 997-8575,Skin care clinic,Facial spa,Medical spa,,,,,,,,https://www.google.com/maps/search/?api=1&query=Vybe%20Aesthetics&query_place_id=ChIJEwYK3KE_TIYRmT_U0ejLi1Q,Skin care clinic,,55
Aoki Head Spa & Skin,5.0,539,6505 W Park Blvd Suite 105,Plano,Texas,US,https://aokispa.com/locations-plano/,(469) 409-6076,Day spa,Facial spa,Health spa,Skin care clinic,,,,,,,https://www.google.com/maps/search/?api=1&query=Aoki%20Head%20Spa%20%26%20Skin&query_place_id=ChIJp3rLoeYlTIYRIZ6iQhphz_c,Day spa,,55
ClubInject®,4.9,59,"Located Inside Sola Salon, 1900 Preston Rd #345, Studio #5",Plano,TX,US,http://www.clubinject.com/,(480) 576-2246,Medical spa,,,,,,,,,,https://www.google.com/maps/search/?api=1&query=ClubInject%C2%AE&query_place_id=ChIJ2QA9bEMjTIYRVwMAQH4wFeE,Medical spa,,55
Noble Cosmetic Surgery,4.8,480,6201 K Ave Suite 100,Plano,Texas,US,https://www.noblecosmeticsurgery.com/?utm_source=GBP&utm_medium=organic&utm_campaign=GBP_Plano&utm_id=GBP_Plano,(214) 227-0668,Plastic surgeon,Cosmetic surgeon,Medical spa,Plastic surgery clinic,,,,,,,https://www.google.com/maps/search/?api=1&query=Noble%20Cosmetic%20Surgery&query_place_id=ChIJqbacwhMYTIYRtfVTodI3cfE,Plastic surgeon,,55
Spavia Day Spa - West Plano,4.8,934,2100 Dallas Pkwy #152,Plano,Texas,US,https://planotx.spaviadayspa.com/,(469) 304-9444,Spa,Day spa,Facial spa,Massage spa,,,,,,,https://www.google.com/maps/search/?api=1&query=Spavia%20Day%20Spa%20-%20West%20Plano&query_place_id=ChIJ27Yr9ngjTIYR8Er67n4CQk8,Spa,,55
Texas Eye and Aesthetic Center,5.0,84,3950 W Plano Pkwy,Plano,Texas,US,http://drsahmad.com/,(972) 519-9933,Medical clinic,,,,,,,,,,https://www.google.com/maps/search/?api=1&query=Texas%20Eye%20and%20Aesthetic%20Center&query_place_id=ChIJO_wzzRsjTIYRfblxxz2Qous,Medical clinic,,55
Roberts Cosmetic Surgery,4.8,193,5144 Village Creek Dr,Plano,Texas,US,https://www.robertscosmeticsurgery.com/,(972) 608-0000,Plastic surgeon,Medical spa,,,,,,,,,https://www.google.com/maps/search/?api=1&query=Roberts%20Cosmetic%20Surgery&query_place_id=ChIJOYebnWMjTIYRVYV5_ShkdHA,Plastic surgeon,,55
North Texas Plastic Surgery,4.9,816,5412 W Plano Pkwy #101,Plano,Texas,US,https://www.northtexasplasticsurgery.com/plano-plastic-surgery/?utm_source=GBP&utm_medium=GBP&utm_campaign=GBP_Plano&utm_id=GBP_Plano,(214) 272-8533,Plastic surgeon,Cosmetic surgeon,Medical spa,Plastic surgery clinic,,,,,,,https://www.google.com/maps/search/?api=1&query=North%20Texas%20Plastic%20Surgery&query_place_id=ChIJ-12zoZAjTIYRD9fKrEoO1_A,Plastic surgeon,,55
Bader Facial Plastics,4.7,182,3310 Dallas Pkwy Suite 201,Plano,Texas,US,http://www.baderfacialplastics.com/?utm_source=gbp&utm_medium=organic&utm_campaign=localsearch,(214) 501-2021,Plastic surgeon,,,,,,,,,,https://www.google.com/maps/search/?api=1&query=Bader%20Facial%20Plastics&query_place_id=ChIJueouR2YiTIYR4dkzZ74NmwA,Plastic surgeon,,55
American Institute For Plastic Surgery,4.5,96,6020 W Plano Pkwy,Plano,Texas,US,http://www.ai4ps.com/,(972) 543-2477,Plastic surgeon,,,,,,,,,,https://www.google.com/maps/search/?api=1&query=American%20Institute%20For%20Plastic%20Surgery&query_place_id=ChIJ87k4kmUiTIYRGDYvuBl1LX0,Plastic surgeon,,55
Britestar Primary Care and Weight Loss Clinic,5.0,107,6100 K Ave Ste 108,Plano,Texas,US,https://britestarclinic.com/,(469) 910-8283,Medical clinic,HIV testing center,Reproductive health clinic,Skin care clinic,STD clinic,STD testing service,Weight loss service,,,,https://www.google.com/maps/search/?api=1&query=Britestar%20Primary%20Care%20and%20Weight%20Loss%20Clinic&query_place_id=ChIJxUR0edsZTIYRCLmbWUSPfn8,Medical clinic,,55
Liquid Wellness & IV: Dallas Metro Clinic & Mobile (We Come to You),5.0,194,"Inside of Cowboys Fit, 4817 W Park Blvd",Plano,Texas,US,https://www.liquidwellnessiv.com/,(855) 954-7843,Wellness center,Health counselor,Health spa,Home health care service,Medical clinic,Medical spa,Nurse practitioner,Vitamin & supplements store,,,https://www.google.com/maps/search/?api=1&query=Liquid%20Wellness%20%26%20IV%3A%20Dallas%20Metro%20Clinic%20%26%20Mobile%20(We%20Come%20to%20You)&query_place_id=ChIJsZW6fQcjTIYR808ccvzsW30,Wellness center,,55
Uplift Medspa Health & Wellness,5.0,144,5136 Village Creek Dr #502,Plano,Texas,US,http://upliftmedspa.com/,(972) 665-8664,Medical spa,,,,,,,,,,https://www.google.com/maps/search/?api=1&query=Uplift%20Medspa%20Health%20%26%20Wellness&query_place_id=ChIJOaosxx0hTIYRwgghz8vKkVQ,Medical spa,,55
Shahina Hoja Aesthetics (Medspa & Acne Clinic),4.9,213,2865 McDermott Rd # 225,Plano,Texas,US,http://www.shahinahoja.com/,(469) 823-0402,Medical spa,Facial spa,Health spa,Laser hair removal service,Skin care clinic,,,,,,https://www.google.com/maps/search/?api=1&query=Shahina%20Hoja%20Aesthetics%20(Medspa%20%26%20Acne%20Clinic)&query_place_id=ChIJmUyvIXtFwokRhPdD_zsK5ow,Medical spa,,55
U.S. Dermatology Partners Richardson,4.8,1075,3600 Shire Blvd #210,Richardson,Texas,US,https://www.usdermatologypartners.com/locations/texas/richardson/3600-shire-blvd-ste-210/,(469) 326-3376,Dermatologist,Medical group,Skin care clinic,,,,,,,,https://www.google.com/maps/search/?api=1&query=U.S.%20Dermatology%20Partners%20Richardson&query_place_id=ChIJ6yUcQrLZTYYRzLUqG_WK0aI,Dermatologist,,55
MEDSPA 33,5.0,71,525 Shiloh Rd Suite 2500,Plano,Texas,US,https://www.medspa33.com/,(469) 953-3812,Medical spa,,,,,,,,,,https://www.google.com/maps/search/?api=1&query=MEDSPA%2033&query_place_id=ChIJWZngp5oZTIYRSD8tsHSgKqM,Medical spa,,55
"Robert Marinaro, MD",4.9,491,3600 Shire Blvd #210,Richardson,Texas,US,https://www.usdermatologypartners.com/provider/robert-marinaro-md/?utm_source=pg-google&utm_medium=organic&utm_campaign=pg-listings,(469) 326-3376,Dermatologist,,,,,,,,,,https://www.google.com/maps/search/?api=1&query=Robert%20Marinaro%2C%20MD&query_place_id=ChIJvU05qqsZTIYRxQzWnngpQQI,Dermatologist,,55
Massage Envy,4.5,245,6101 K Ave Ste 160,Plano,Texas,US,https://locations.massageenvy.com/texas/plano/6101-avenue-k.html?utm_source=GMB&utm_medium=useractions&utm_campaign=website,(972) 516-8888,Massage spa,Day spa,Esthetics service,Facial spa,Massage therapist,Reflexologist,Skin care clinic,Spa,Sports massage therapist,Wellness center,https://www.google.com/maps/search/?api=1&query=Massage%20Envy&query_place_id=ChIJje3qQMcZTIYRKWhB9utlnT8,Massage spa,,55
Timeless Beauty By Renee,4.6,67,6217 Chapel Hill Blvd STE 200,Plano,Texas,US,http://www.beautybyrenee.com/,(214) 674-0802,Permanent make-up clinic,,,,,,,,,,https://www.google.com/maps/search/?api=1&query=Timeless%20Beauty%20By%20Renee&query_place_id=ChIJYwi4-IEkTIYRJ5EKP7YPXSI,Permanent make-up clinic,,55
Intricate Health OB/GYN,4.5,114,525 Shiloh Rd Ste 2100,Plano,Texas,US,https://www.intricatehealth.net/,(469) 640-6423,Women's health clinic,Medical spa,,,,,,,,,https://www.google.com/maps/search/?api=1&query=Intricate%20Health%20OB%2FGYN&query_place_id=ChIJoZjy1Ms0OmQRMzgWzSfBrKc,Women's health clinic,,55
Medical Aesthetics of North Dallas,4.9,153,6541 Preston Rd STE 300,Plano,Texas,US,https://northdallasmedspa.com/?utm_source=GMBSocialClimb&utm_medium=MedicalAestheticsofNorthDallas,(214) 577-1777,Skin care clinic,Laser hair removal service,Medical spa,,,,,,,,https://www.google.com/maps/search/?api=1&query=Medical%20Aesthetics%20of%20North%20Dallas&query_place_id=ChIJjbdK20wiTIYR0nqdZPir3lw,Skin care clinic,,55
Dallas Dermatology and Aesthetics,4.9,282,4104 W 15th St STE 202,Plano,Texas,US,https://www.dallasdermmd.com/,(972) 608-3100,Dermatologist,Doctor,Skin care clinic,Surgical center,,,,,,,https://www.google.com/maps/search/?api=1&query=Dallas%20Dermatology%20and%20Aesthetics&query_place_id=ChIJISEAPeYjTIYRLjx5XkhNBa0,Dermatologist,,55
Revived Aesthetics,5.0,113,1805 Preston Rd Ste 102,Plano,Texas,US,https://www.revived-aesthetics.com/,(214) 885-7131,Medical spa,,,,,,,,,,https://www.google.com/maps/search/?api=1&query=Revived%20Aesthetics&query_place_id=ChIJ5w1A2k0jTIYRpk1ug7WFY04,Medical spa,,55
Sheri Salon,4.9,224,909 W Spring Creek Pkwy #411,Plano,Texas,US,https://sherisalontx.com/,(214) 694-6407,Beauty salon,,,,,,,,,,https://www.google.com/maps/search/?api=1&query=Sheri%20Salon&query_place_id=ChIJf2zefUQZTIYRmVQ1375D_wQ,Beauty salon,,55
West Plano Dry Eye & Aesthetics,5.0,53,4020 W Plano Pkwy,Plano,Texas,US,http://westplanodryeye.com/,(469) 999-2747,Medical spa,Eye care center,,,,,,,,,https://www.google.com/maps/search/?api=1&query=West%20Plano%20Dry%20Eye%20%26%20Aesthetics&query_place_id=ChIJ-SrhibQlTIYRNUzeXpZXlww,Medical spa,,55
Semper Laser,4.5,198,1900 Preston Rd Suite 281,Plano,Texas,US,https://www.semperlaser.com/location/west-plano-laser-hair-removal,(469) 960-5851,Laser hair removal service,,,,,,,,,,https://www.google.com/maps/search/?api=1&query=Semper%20Laser&query_place_id=ChIJTVQobigjTIYRH6QcUi0Bf_Q,Laser hair removal service,,55
Aesthetic Collective Plano,5.0,114,7800 Dallas Pkwy #100,Plano,Texas,US,http://www.ac-plano.com/,(469) 829-2975,Medical spa,,,,,,,,,,https://www.google.com/maps/search/?api=1&query=Aesthetic%20Collective%20Plano&query_place_id=ChIJk5TsklQ9TIYRswr4u3qnXd0,Medical spa,,55
Aesthetic Dentistry Centre Plano: Implant & Cosmetic Specialists,4.8,116,1200 Village Creek Dr #102,Plano,Texas,US,https://www.adcplano.com/?utm_source=GMBlisting&utm_medium=organic,(972) 931-0090,Dentist,Cosmetic dentist,Dental implants periodontist,Denture care center,Periodontist,Teeth whitening service,,,,,https://www.google.com/maps/search/?api=1&query=Aesthetic%20Dentistry%20Centre%20Plano%3A%20Implant%20%26%20Cosmetic%20Specialists&query_place_id=ChIJ0fdvsrEjTIYRoDKtNk0HIHU,Dentist,,55
Advanced Veterinary Care of Plano,4.9,183,3013 Spring Creek Pkwy #700,Plano,Texas,US,https://www.advancedvetcare.com/,(972) 618-0301,Animal hospital,Veterinarian,,,,,,,,,https://www.google.com/maps/search/?api=1&query=Advanced%20Veterinary%20Care%20of%20Plano&query_place_id=ChIJE6Ot36AiTIYR4fEm86vHjKE,Animal hospital,,55
Mod Facial and Massage,4.8,137,1601 Preston Rd Suite N,Plano,Texas,US,https://www.modfacial.com/,(469) 991-3896,Day spa,Facial spa,Massage spa,,,,,,,,https://www.google.com/maps/search/?api=1&query=Mod%20Facial%20and%20Massage&query_place_id=ChIJv5kzsqUjTIYR4QKgT4Brr5A,Day spa,,55
Vitalize Medical Spa,4.8,94,2633 Dallas Pkwy #201,Plano,Texas,US,http://www.vitalizemedicalspa.com/,(972) 473-4999,Medical spa,,,,,,,,,,https://www.google.com/maps/search/?api=1&query=Vitalize%20Medical%20Spa&query_place_id=ChIJV6fj63wjTIYR--m2GJOnfrw,Medical spa,,55
Depil Brazil Waxing Studio,4.7,775,2108 Dallas Pkwy #224,Plano,Texas,US,https://depilbrazilwaxing.com/,(972) 408-0101,Waxing hair removal service,Hair removal service,,,,,,,,,https://www.google.com/maps/search/?api=1&query=Depil%20Brazil%20Waxing%20Studio&query_place_id=ChIJiT-8uHgjTIYRzddLKT_YrxI,Waxing hair removal service,,55
Optim8 Health and Wellness,4.7,63,2301 Ohio Dr # 115,Plano,Texas,US,https://optim8healthandwellness.com/,(972) 942-4039,Wellness center,Holistic medicine practitioner,Medical spa,Naturopathic practitioner,Nurse practitioner,Nutritionist,Women's health clinic,Skin care clinic,Vitamin & supplements store,Weight loss service,https://www.google.com/maps/search/?api=1&query=Optim8%20Health%20and%20Wellness&query_place_id=ChIJq6qO_-cXTIYRDfjw1Ds0o5o,Wellness center,,55
U Med Spa,4.9,1165,5717 Legacy Dr Suite 170,Plano,Texas,US,https://umedspa.com/,(972) 636-6299,Medical spa,Facial spa,,,,,,,,,https://www.google.com/maps/search/?api=1&query=U%20Med%20Spa&query_place_id=ChIJz-wOVbE8TIYROmo0LS8t3Ms,Medical spa,,55
MD Laser Med Spa,4.9,94,3001 Dallas Pkwy Suite 260 Floor2,Plano,Texas,US,http://www.mdlasermed.com/,(469) 445-1171,Medical spa,Beauty salon,,,,,,,,,https://www.google.com/maps/search/?api=1&query=MD%20Laser%20Med%20Spa&query_place_id=ChIJF_p5z8gjTIYRUN5lVGd_LK8,Medical spa,,55
"Brobst Facial Plastic Surgery and Aesthetics - Robert Brobst, M.D.",4.8,139,4800 Hedgcoxe Rd #250,Plano,Texas,US,http://drbrobst.com/?utm_source=google&utm_medium=organic&utm_campaign=gbp,(972) 618-2212,Plastic surgeon,Medical spa,Otolaryngologist,,,,,,,,https://www.google.com/maps/search/?api=1&query=Brobst%20Facial%20Plastic%20Surgery%20and%20Aesthetics%20-%20Robert%20Brobst%2C%20M.D.&query_place_id=ChIJpb_sK9c8TIYRiLAKdBvzCt4,Plastic surgeon,,55
"H&M Aesthetics, LLC",5.0,50,2401 Preston Rd,Plano,Texas,US,http://hminject.com/,(214) 556-2034,Beauty school,,,,,,,,,,https://www.google.com/maps/search/?api=1&query=H%26M%20Aesthetics%2C%20LLC&query_place_id=ChIJ98HTS_4jTIYRetyUO1PtQ8k,Beauty school,,55
SkinSpirit Plano,4.9,292,2401 Preston Rd Suite F,Plano,Texas,US,https://www.skinspirit.com/locations/plano/,(469) 829-4200,Medical spa,Facial spa,Laser hair removal service,Skin care clinic,,,,,,,https://www.google.com/maps/search/?api=1&query=SkinSpirit%20Plano&query_place_id=ChIJXd2s2mQjTIYRWdllNxfckVg,Medical spa,,55
U.S. Dermatology Partners Plano,4.8,3263,5030 Tennyson Pkwy #100,Plano,Texas,US,https://www.usdermatologypartners.com/locations/texas/plano/5030-tennyson-pkwy-ste-100/,(972) 985-9003,Dermatologist,Medical group,Skin care clinic,,,,,,,,https://www.google.com/maps/search/?api=1&query=U.S.%20Dermatology%20Partners%20Plano&query_place_id=ChIJO-boZy8jTIYRi4NG0yVkuHk,Dermatologist,,55
Starwood Med Spa,4.9,156,8404 Preston Rd #208,Plano,Texas,US,https://starwoodmedspa.com/starwood-plano-med-spa/,(214) 705-0400,Medical spa,Health and beauty shop,Health consultant,Laser hair removal service,Skin care clinic,Tattoo removal service,Weight loss service,,,,https://www.google.com/maps/search/?api=1&query=Starwood%20Med%20Spa&query_place_id=ChIJWx6gFj09TIYR9tExGmtztDI,Medical spa,,55
Ultimate Image MedSpa,4.9,622,4674 McDermott Rd #309,Plano,Texas,US,https://ultimateimagemedspa.com/?utm_source=google&utm_medium=organic&utm_campaign=gbp,(972) 800-2127,Medical spa,Beauty salon,Laser hair removal service,Skin care clinic,,,,,,,https://www.google.com/maps/search/?api=1&query=Ultimate%20Image%20MedSpa&query_place_id=ChIJPz2DTd48TIYRqu_hNAxeGEc,Medical spa,,55
Princess Med Spa,4.9,120,1312 Village Creek Dr STE 800,Plano,Texas,US,https://princess-medspa.com/,(214) 468-4829,Medical spa,,,,,,,,,,https://www.google.com/maps/search/?api=1&query=Princess%20Med%20Spa&query_place_id=ChIJ__8vCLEjTIYR5iIUmzBxEFY,Medical spa,,55
INJEXED MedBar,5.0,172,5200 McDermott Rd #215,Plano,Texas,US,https://injexed.com/,(469) 649-7106,Spa,Dermatologist,Facial spa,Medical spa,,,,,,,https://www.google.com/maps/search/?api=1&query=INJEXED%20MedBar&query_place_id=ChIJIacT9VI9TIYRlAXx0uxlQn8,Spa,,55
NovaDerm Med Spa,5.0,81,"4909 W Park Blvd Suite 157, Room 14",Plano,Texas,US,https://novadermllc.com/,(972) 654-2414,Medical spa,,,,,,,,,,https://www.google.com/maps/search/?api=1&query=NovaDerm%20Med%20Spa&query_place_id=ChIJ6UzFZt45TIYRe-QGKHriGqA,Medical spa,,55
The Spa Butler,4.9,57,5055 W Park Blvd #400,Plano,Texas,US,http://www.thespabutler.com/,(214) 785-6719,Wholesaler,,,,,,,,,,https://www.google.com/maps/search/?api=1&query=The%20Spa%20Butler&query_place_id=ChIJPYbbpEGoKKgRki5UJYwUMqs,Wholesaler,,55
Lavande Face & Body,5.0,30,8308 Preston Rd #211,Plano,Texas,US,http://www.lavandefaceandbody.com/,(972) 768-4256,Skin care clinic,Waxing hair removal service,,,,,,,,,https://www.google.com/maps/search/?api=1&query=Lavande%20Face%20%26%20Body&query_place_id=ChIJJUAZRsM8TIYRlzPqFO5qLR4,Skin care clinic,,50
Stewart Center for Plastic Surgery and Hand,5.0,38,6130 W Parker Rd #110,Plano,Texas,US,https://stewartcenterdallas.com/,(972) 761-5464,Plastic surgeon,Hand surgeon,,,,,,,,,https://www.google.com/maps/search/?api=1&query=Stewart%20Center%20for%20Plastic%20Surgery%20and%20Hand&query_place_id=ChIJmVgwEk4lTIYRmQcRZVo7t_0,Plastic surgeon,,50
360 Body Med Spa,5.0,24,3013 W Spring Creek Pkwy Suite 400 Room 1,Plano,Texas,US,https://rashaqudadeh.glossgenius.com/,(210) 849-6087,Medical spa,,,,,,,,,,https://www.google.com/maps/search/?api=1&query=360%20Body%20Med%20Spa&query_place_id=ChIJzSQbGzQ9TIYR-hfrSL6-eaU,Medical spa,,50
LaserAway Plano,5.0,31,1900 Preston Rd #203,Plano,Texas,US,https://www.laseraway.com/locations/tx/plano/?utm_source=google&utm_medium=organic&utm_campaign=website-link,(972) 725-4245,Laser hair removal service,Hair removal service,Health and beauty shop,Medical spa,Skin care clinic,Tattoo removal service,,,,,https://www.google.com/maps/search/?api=1&query=LaserAway%20Plano&query_place_id=ChIJvb-wIbwjTIYR71RwfvKG7aQ,Laser hair removal service,,50
B Whole Aesthetics and Wellness,4.8,48,6833 Coit Rd,Plano,Texas,US,http://www.bwholeaesthetics.com/,(214) 643-8048,Wellness center,Medical clinic,Medical spa,Weight loss service,,,,,,,https://www.google.com/maps/search/?api=1&query=B%20Whole%20Aesthetics%20and%20Wellness&query_place_id=ChIJu19FSi4jTIYR9FuPLEdS_m8,Wellness center,,50
Rose Aesthetics,4.8,16,8100 Dallas Pkwy Ste 211,Plano,Texas,US,http://roseaesthetics.co/,(214) 522-7870,Medical spa,,,,,,,,,,https://www.google.com/maps/search/?api=1&query=Rose%20Aesthetics&query_place_id=ChIJWb_J1vI9TIYRU1fgk7y2hDw,Medical spa,,50
"Angelic Skin Aesthetics, LLC",5.0,48,8105 Rasor Boulevard Suite 240,Plano,Texas,US,http://www.skinangelic.com/,(214) 498-9817,Facial spa,,,,,,,,,,https://www.google.com/maps/search/?api=1&query=Angelic%20Skin%20Aesthetics%2C%20LLC&query_place_id=ChIJL6gF4qg9TIYRdlfzPDW9f1A,Facial spa,,50
"Doohi Lee, MD",4.5,24,5508 W Plano Pkwy #200,Plano,Texas,US,https://www.advsurgicalarts.com/,(972) 612-1900,Plastic surgeon,Doctor,,,,,,,,,https://www.google.com/maps/search/?api=1&query=Doohi%20Lee%2C%20MD&query_place_id=ChIJ70nr_QMjTIYRZbCRboov6b4,Plastic surgeon,,50
Seoul Glow Studio,5.0,17,4017 Preston Rd #525,Plano,Texas,US,http://salonlume.glossgenius.com/,(469) 209-5881,Facial spa,Skin care clinic,,,,,,,,,https://www.google.com/maps/search/?api=1&query=Seoul%20Glow%20Studio&query_place_id=ChIJU5NXj6AjTIYREolzLZud0u4,Facial spa,,50
Advanced Surgical Arts,4.8,36,5508 W Plano Pkwy #200,Plano,Texas,US,https://advsurgicalarts.com/,(972) 612-1900,Medical spa,Cosmetic surgeon,Facial spa,Hair replacement service,Laser hair removal service,Medical clinic,Medical office,Skin care clinic,Surgeon,Vascular surgeon,https://www.google.com/maps/search/?api=1&query=Advanced%20Surgical%20Arts&query_place_id=ChIJ238AKWgiTIYRNm38ESdcDJY,Medical spa,,50
Skintastic Med Spa,5.0,27,6020 W Parker Rd Suite 430,Plano,Texas,US,https://www.skintastic.com/,(972) 535-6000,Medical spa,,,,,,,,,,https://www.google.com/maps/search/?api=1&query=Skintastic%20Med%20Spa&query_place_id=ChIJ6dtgM1UjTIYROB0KxCPP8y0,Medical spa,,50
Shimaa Beauty Center,5.0,43,3921 W Park Blvd Ste 150,Plano,Texas,US,https://shimaabeautycenter.com/,(817) 210-5085,Medical spa,Facial spa,Laser hair removal service,Skin care clinic,,,,,,,https://www.google.com/maps/search/?api=1&query=Shimaa%20Beauty%20Center&query_place_id=ChIJWcicEGIjTIYRy_KXsLMN6HA,Medical spa,,50
Skinique Med Spa & Wellness,4.7,19,6200 Preston Rd #300,Plano,Texas,US,http://www.skiniquemedspa.com/,(469) 209-4707,Medical spa,,,,,,,,,,https://www.google.com/maps/search/?api=1&query=Skinique%20Med%20Spa%20%26%20Wellness&query_place_id=ChIJA8j9mD4jTIYRXnZvU3trdpA,Medical spa,,50
Solēre Aesthetics,5.0,48,8240 Preston Rd Suite 200,Plano,Texas,US,https://mysolere.com/,(281) 669-0669,Medical spa,,,,,,,,,,https://www.google.com/maps/search/?api=1&query=Sol%C4%93re%20Aesthetics&query_place_id=ChIJWVMReyU9TIYRZT1DxSGrcss,Medical spa,,50
LC Luxury Salon,4.7,28,3645 Dallas Pkwy #535,Plano,Texas,US,https://lcluxurysalon.com/,(972) 608-9922,Hair salon,Beauty salon,Hair extension technician,,,,,,,,https://www.google.com/maps/search/?api=1&query=LC%20Luxury%20Salon&query_place_id=ChIJuXLimmAjTIYRrtPd4DvwvGY,Hair salon,,50
City Salon Suites & Spa - Plano,4.7,40,5813 Preston Rd #554,Plano,Texas,US,http://citysalonsuites.com/,(972) 383-9787,Beauty salon,Barber shop,Day spa,Eyelash salon,Hair salon,Make-up artist,Massage therapist,Medical spa,Nail salon,Waxing hair removal service,https://www.google.com/maps/search/?api=1&query=City%20Salon%20Suites%20%26%20Spa%20-%20Plano&query_place_id=ChIJB3zPjiEjTIYRPA5l7Utv-78,Beauty salon,,50
Texas Skin Surgery Center,4.9,33,3585 National Dr Suite #150,Plano,Texas,US,http://www.txskinsurgery.com/,(469) 467-6647,Surgical center,,,,,,,,,,https://www.google.com/maps/search/?api=1&query=Texas%20Skin%20Surgery%20Center&query_place_id=ChIJdXASzkwiTIYRgJeA8eUEVz4,Surgical center,,50
VIP Total Health & Hydration,4.8,45,4708 W Plano Pkwy STE 300,Plano,Texas,US,https://viptotalhealth.com/plano,(214) 240-9243,Wellness center,Medical spa,,,,,,,,,https://www.google.com/maps/search/?api=1&query=VIP%20Total%20Health%20%26%20Hydration&query_place_id=ChIJQSfWv7cjTIYRDrrDrVXYUv0,Wellness center,,50
"Tiffany Ho, MD - Oculoplastic Surgeon",5.0,15,1708 Coit Rd #200,Plano,Texas,US,https://oatexas.com/,(214) 369-0555,Ophthalmology clinic,,,,,,,,,,https://www.google.com/maps/search/?api=1&query=Tiffany%20Ho%2C%20MD%20-%20Oculoplastic%20Surgeon&query_place_id=ChIJn_QOVvAjTIYRht9TKon485A,Ophthalmology clinic,,50
Celine Medical Spa,5.0,18,5168 Village Creek Dr Suite 300,Plano,Texas,US,https://www.celinemedicalspa.com/,(972) 750-6100,Medical spa,Facial spa,Laser hair removal service,Skin care clinic,,,,,,,https://www.google.com/maps/search/?api=1&query=Celine%20Medical%20Spa&query_place_id=ChIJKwWHwPgjTIYRtx5P4us_Ix0,Medical spa,,50
Skin Study Med Spa,5.0,41,"6505 W Park Blvd Building 160, suite #113",Plano,Texas,US,https://www.skinstudymedspa.com/,(469) 422-5534,Medical spa,Facial spa,Skin care clinic,,,,,,,,https://www.google.com/maps/search/?api=1&query=Skin%20Study%20Med%20Spa&query_place_id=ChIJb0pJGnil4EoR0gaKcy60x0E,Medical spa,,50
Plano Aesthetics,4.7,15,6213 Chapel Hill Blvd A,Plano,Texas,US,https://beyondbeautifultexas.com/dr-jeffrey-caruth,(972) 608-0990,Surgical center,,,,,,,,,,https://www.google.com/maps/search/?api=1&query=Plano%20Aesthetics&query_place_id=ChIJYyadMZwkTIYRpJVcBOeheHg,Surgical center,,50
Eternaderm Advanced Medical Aesthetics,4.8,43,4601 Old Shepard Pl STE 402,Plano,Texas,US,https://www.eternaderm.com/,(469) 927-7046,Medical spa,,,,,,,,,,https://www.google.com/maps/search/?api=1&query=Eternaderm%20Advanced%20Medical%20Aesthetics&query_place_id=ChIJfQly1GsjTIYR7C7fZfM2qk0,Medical spa,,50
LED Skin Care Center,4.8,35,4909 W Park Blvd #37,Plano,Texas,US,https://ledskincarespa.com/,(972) 378-0291,Skin care clinic,Alternative medicine practitioner,Health spa,,,,,,,,https://www.google.com/maps/search/?api=1&query=LED%20Skin%20Care%20Center&query_place_id=ChIJDbPzk2AjTIYRDOqCH1JXX9g,Skin care clinic,,50
VIO Med Spa Plano,4.9,34,2412 Preston Rd #160,Plano,Texas,US,https://www.viomedspa.com/locations/plano,(945) 284-0815,Medical spa,,,,,,,,,,https://www.google.com/maps/search/?api=1&query=VIO%20Med%20Spa%20Plano&query_place_id=ChIJx48nyKkjTIYR75m7SPdfjus,Medical spa,,50
Unique Salon Suites of Plano Lexington,4.6,31,2901 N Central Expy #125,Plano,Texas,US,https://www.facebook.com/uniquesalonsuites,(817) 875-0576,Beauty salon,,,,,,,,,,https://www.google.com/maps/search/?api=1&query=Unique%20Salon%20Suites%20of%20Plano%20Lexington&query_place_id=ChIJm2e60G0ZTIYRKy3QPL8tg0o,Beauty salon,,50
Spa Zone by Paris,5.0,46,"Spectra Salon Suites, 1805 Preston Rd Suite #403",Plano,Texas,US,https://www.spazonebyparis.com/,(214) 718-8159,Beauty salon,Aromatherapy service,Day spa,Facial spa,Massage spa,Spa,,,,,https://www.google.com/maps/search/?api=1&query=Spa%20Zone%20by%20Paris&query_place_id=ChIJf7q8IAA9TIYRplMGj-vdz44,Beauty salon,,50
Luxino Permanent MakeUp,4.9,39,"4909 W Park Blvd 157, STE 18",Plano,Texas,US,https://www.luxinopmu.com/,(469) 698-6122,Permanent make-up clinic,Local medical services,Medical clinic,Medical spa,Physician referral service,Tattoo artist,Tattoo shop,,,,https://www.google.com/maps/search/?api=1&query=Luxino%20Permanent%20MakeUp&query_place_id=ChIJ-_qecLBp6oARRLUjxhi4idk,Permanent make-up clinic,,50
Highland Park Aesthetics Plano,5.0,20,1921 Preston Rd 2066 Suite 130,Plano,Texas,US,https://highlandpark.clinic/,(214) 774-9644,Medical spa,,,,,,,,,,https://www.google.com/maps/search/?api=1&query=Highland%20Park%20Aesthetics%20Plano&query_place_id=ChIJ1wP77PIjTIYR4ns-c_wcDfQ,Medical spa,,50
Secret skin by nuha,5.0,15,2901 N Central Expy #125,Plano,Texas,US,https://www.instagram.com/secret_skin25?igsh=cGljcGFjZmNpcmdy&utm_source=qr,(469) 975-5377,Esthetics service,Laser hair removal service,,,,,,,,,https://www.google.com/maps/search/?api=1&query=Secret%20skin%20by%20nuha&query_place_id=ChIJZz0KFuEZTIYR79LVVDU72f4,Esthetics service,,50
The Aesthetic Touch by Raya,5.0,43,2865 McDermott Rd # 225,Plano,Texas,US,https://www.aesthetictouchbyraya.com/,(949) 323-1639,Medical spa,,,,,,,,,,https://www.google.com/maps/search/?api=1&query=The%20Aesthetic%20Touch%20by%20Raya&query_place_id=ChIJtbEu2J0XTIYRx6WAxNDa0-w,Medical spa,,50
Nūr Skin Aesthetics,5.0,37,3921 W Park Blvd 150 Suite 129,Plano,Texas,US,https://nr-skin-aesthetics.square.site/,(469) 361-7226,Day spa,,,,,,,,,,https://www.google.com/maps/search/?api=1&query=N%C5%ABr%20Skin%20Aesthetics&query_place_id=ChIJeTaYxM8jTIYRlNIoDuhK2Qc,Day spa,,50
Skin Sanctuary Studio,5.0,35,8308 Preston Rd Suite 246,Plano,Texas,US,https://planoskintreatments.com/,(972) 905-3758,Spa,Skin care clinic,Waxing hair removal service,,,,,,,,https://www.google.com/maps/search/?api=1&query=Skin%20Sanctuary%20Studio&query_place_id=ChIJyR3YAtU9TIYR-_GWApRVB30,Spa,,50
vie d'élite med spa | Plano TX,4.9,31,5945 Dallas Pkwy,Plano,Texas,US,https://www.viedelite.com/?utm_campaign=gmb,(945) 899-0001,Medical spa,,,,,,,,,,https://www.google.com/maps/search/?api=1&query=vie%20d'%C3%A9lite%20med%20spa%20%7C%20Plano%20TX&query_place_id=ChIJEz0Q5usjTIYRrnXWf9ZDcWI,Medical spa,,50
Roz Laser & MedSpa,5.0,27,3921 W Park Blvd Ste 150,Plano,Texas,US,https://www.rozlasermedspa.com/,(469) 514-7991,Medical spa,,,,,,,,,,https://www.google.com/maps/search/?api=1&query=Roz%20Laser%20%26%20MedSpa&query_place_id=ChIJC0epLlgjTIYR_nkShXM7Z_U,Medical spa,,50
Radiant Refine Medspa,4.9,41,3604 Preston Rd Suite 200,Plano,Texas,US,https://www.radiantrefinespa.com/,(945) 387-5171,Medical spa,,,,,,,,,,https://www.google.com/maps/search/?api=1&query=Radiant%20Refine%20Medspa&query_place_id=ChIJAzB4eBAjTIYRUEFk0mBalPo,Medical spa,,50
Abracadabra Electrolysis Inc,4.9,35,6200 Chase Oaks Blvd STE 103,Plano,Texas,US,http://hairremovalplano.com/,(972) 527-4247,Hair removal service,,,,,,,,,,https://www.google.com/maps/search/?api=1&query=Abracadabra%20Electrolysis%20Inc&query_place_id=ChIJS2Qg6DUYTIYR2PKzJSEuQqw,Hair removal service,,50
Exposé Skin | Facial Spa,5.0,43,6800 Alma Dr Ste 102,Plano,Texas,US,https://www.exposeskin.com/?fbclid=PAZXh0bgNhZW0CMTEAAaY-8bwebB9qZG-VX0ELJ-7OMJ_d9D1CwwSTiuKMx5XO1hgMRhVmG9FXnJI_aem_ilJgL61C2v4qCjVtRS5Pfw,(469) 235-5564,Medical spa,,,,,,,,,,https://www.google.com/maps/search/?api=1&query=Expos%C3%A9%20Skin%20%7C%20Facial%20Spa&query_place_id=ChIJ-Xnuey0YTIYRJ9qxTmjLFcU,Medical spa,,50
GLO30 Plano,5.0,16,4901 W Park Blvd Suite 531,Plano,Texas,US,https://glo30.com/dallas-plano/,(214) 997-6983,Skin care clinic,,,,,,,,,,https://www.google.com/maps/search/?api=1&query=GLO30%20Plano&query_place_id=ChIJiWVyyeMjTIYR4Da6uLkPDNs,Skin care clinic,,50
Live Young Wellness Spa - Allen,4.8,21,820 Alma Dr Ste 130,Allen,Texas,US,https://liveyoungspa.com/,(945) 215-7700,Medical spa,,,,,,,,,,https://www.google.com/maps/search/?api=1&query=Live%20Young%20Wellness%20Spa%20-%20Allen&query_place_id=ChIJwWk5XIAXTIYRwf1Cgo8Thaw,Medical spa,,50
Village Aesthetics,4.8,22,5425 W Spring Creek Pkwy #210,Plano,Texas,US,https://villageaesthetics.com/,(972) 433-5077,Medical spa,Hair removal service,Skin care clinic,,,,,,,,https://www.google.com/maps/search/?api=1&query=Village%20Aesthetics&query_place_id=ChIJCfQf1_sjTIYRNkhbkQPbb1g,Medical spa,,50
Diamond Shine Skin Lounge,5.0,24,4909 W Park Blvd Suite 12,Plano,Texas,US,https://www.diamondshineskinlounge.com/,(469) 363-6600,Skin care clinic,,,,,,,,,,https://www.google.com/maps/search/?api=1&query=Diamond%20Shine%20Skin%20Lounge&query_place_id=ChIJlRu_-m0jTIYR7SnzaUkjuxE,Skin care clinic,,50
Laser Essentials Medical Spa,5.0,31,1212 Coit Rd # 107,Plano,Texas,US,https://laseressentials.net/,(972) 599-0745,Medical spa,,,,,,,,,,https://www.google.com/maps/search/?api=1&query=Laser%20Essentials%20Medical%20Spa&query_place_id=ChIJyXfyJN8jTIYRgic3V0ZTfZg,Medical spa,,50
Next Level Med Solutions,5.0,29,3300 Dallas Pkwy Suite 110,Plano,Texas,US,https://www.nextlevelmedsolutions.com/,(972) 378-7657,Medical spa,Facial spa,Health and beauty shop,IV therapy service,Laser hair removal service,Skin care clinic,Spa,Weight loss service,,,https://www.google.com/maps/search/?api=1&query=Next%20Level%20Med%20Solutions&query_place_id=ChIJo8Pt3mYjTIYRc3CJgFM7lwo,Medical spa,,50
NG Beauty Studio Inc.,4.4,68,2949 W 15th St,Plano,Texas,US,http://www.ngbeauties.com/,(945) 201-0046,Beauty salon,Medical spa,,,,,,,,,https://www.google.com/maps/search/?api=1&query=NG%20Beauty%20Studio%20Inc.&query_place_id=ChIJqykMt48fTIYRvF4btcdxPn4,Beauty salon,,45
Red Mountain Weight Loss,4.3,77,5930 W Park Blvd #100,Plano,Texas,US,https://www.redmountainweightloss.com/areas-served/plano-tx/,(214) 960-5245,Weight loss service,Medical spa,Men's health physician,,,,,,,,https://www.google.com/maps/search/?api=1&query=Red%20Mountain%20Weight%20Loss&query_place_id=ChIJWR7j3IAjTIYRQtdtuztgyt8,Weight loss service,,45
Family Health and Wellness of Plano,4.4,57,5148 Village Creek Dr Suite 300,Plano,Texas,US,https://www.familyhealthwellnessplanotx.com/,(469) 661-1100,Wellness center,Chiropractor,Doctor,General practitioner,Holistic medicine practitioner,Medical spa,Nutritionist,Pain management physician,Physical therapist,Weight loss service,https://www.google.com/maps/search/?api=1&query=Family%20Health%20and%20Wellness%20of%20Plano&query_place_id=ChIJ60yZt7EjTIYRFI5epDaZKXs,Wellness center,,45
Skin Magic Aesthetics,5.0,46,1805 Preston Rd Suite 101,Plano,Texas,US,http://skinmagicmedspa.com/,,Spa,,,,,,,,,,https://www.google.com/maps/search/?api=1&query=Skin%20Magic%20Aesthetics&query_place_id=ChIJG3FBBiIjTIYRXIb_bXpyp2g,Spa,,45
Aesthetician Nasrin,4.4,58,"Inside Legacy Salons, 4140 Legacy Dr Suite 9",Plano,Texas,US,https://aesthetician-nasrin.com/,(214) 289-1280,Laser hair removal service,Day spa,,,,,,,,,https://www.google.com/maps/search/?api=1&query=Aesthetician%20Nasrin&query_place_id=ChIJa215EyIjTIYR9Wyr4fnvsSI,Laser hair removal service,,45
Herbal Homeocare - Dr. Kiran Parekh M.D - Plano Office,4.4,61,2828 W Parker Rd #102,Plano,Texas,US,https://dallas-homeopathy.com/,(469) 209-9264,Homeopath,Alternative medicine practitioner,Holistic medicine practitioner,Naturopathic practitioner,,,,,,,https://www.google.com/maps/search/?api=1&query=Herbal%20Homeocare%20-%20Dr.%20Kiran%20Parekh%20M.D%20-%20Plano%20Office&query_place_id=ChIJ13d3YO0iTIYRogILIuPT5Ss,Homeopath,,45
Spectra Salon Suites,4.3,15,1805 Preston Rd,Plano,Texas,US,https://www.spectrasalonsuites.com/locations/plano,(972) 835-1527,Beauty salon,,,,,,,,,,https://www.google.com/maps/search/?api=1&query=Spectra%20Salon%20Suites&query_place_id=ChIJA52lgf4jTIYR4jmRaqgmKOA,Beauty salon,,40
"Dr. Patty K. Young, MD",4.2,41,4104 W 15th St STE 200,Plano,Texas,US,http://www.premierplasticsurgeryoftexas.com/,(972) 398-1131,Plastic surgeon,,,,,,,,,,https://www.google.com/maps/search/?api=1&query=Dr.%20Patty%20K.%20Young%2C%20MD&query_place_id=ChIJcSBckUIiTIYREYoAFyS8Fr8,Plastic surgeon,,40
Clear Allergy & Immunology,4.2,21,5904 Chapel Hill Blvd STE 103,Plano,Texas,US,http://planoallergydoctor.com/,(972) 473-2532,Medical clinic,Allergist,,,,,,,,,https://www.google.com/maps/search/?api=1&query=Clear%20Allergy%20%26%20Immunology&query_place_id=ChIJzSRfunsjTIYRohHw0mBZLhk,Medical clinic,,40
Forever Young Skin and Body,4.1,45,3501 Midway Rd #220,Plano,Texas,US,http://foreveryoungskinbody.com/,(469) 535-1574,Skin care clinic,,,,,,,,,,https://www.google.com/maps/search/?api=1&query=Forever%20Young%20Skin%20and%20Body&query_place_id=ChIJ41XP1p4kTIYRv-jsZVozLVU,Skin care clinic,,40
Skin M.D. and Beyond,4.3,43,6517 Preston Rd,Plano,Texas,US,https://www.skinmdandbeyond.com/,(972) 608-0808,Dermatologist,Cosmetics store,Plastic surgery clinic,Skin care clinic,Weight loss service,,,,,,https://www.google.com/maps/search/?api=1&query=Skin%20M.D.%20and%20Beyond&query_place_id=ChIJ2QFlCCYjTIYRALXrAcSmltU,Dermatologist,,40
Silk Skin Laser Center,4.4,35,"4909 W Park Blvd Ste 157, Room 40",Plano,Texas,US,http://www.silkskinlasercenter.net/,(214) 675-8561,Laser hair removal service,Skin care clinic,,,,,,,,,https://www.google.com/maps/search/?api=1&query=Silk%20Skin%20Laser%20Center&query_place_id=ChIJiZ2vMlUiTIYRo4mBblc7pEc,Laser hair removal service,,40
Dr. Nuzhat Ahmed,4.3,38,9925 Gillespie Dr ste 3400,Plano,Texas,US,http://www.cpcfrisco.com/,(214) 383-0001,Internist,,,,,,,,,,https://www.google.com/maps/search/?api=1&query=Dr.%20Nuzhat%20Ahmed&query_place_id=ChIJT_xWfIA9TIYR7_GfMC6RJoo,Internist,,40
