"title","totalScore","reviewsCount","street","city","state","countryCode","website","phone","categories/0","categories/1","categories/2","categories/3","categories/4","categories/5","categories/6","categories/7","categories/8","categories/9","url","categoryName"
"Spa Order","4.7","76","4001 E Plano Pkwy # 100","Plano","Texas","US","http://www.spaorder.com/","(833) 907-1791","Wholesaler","Beauty products wholesaler",,,,,,,,,"https://www.google.com/maps/search/?api=1&query=Spa%20Order&query_place_id=ChIJzfSVplzZ3IARu7Kdat2is8I","Wholesaler"
"Derma Med Spa - Plano","4.7","55","2301 N Central Expy 272 (2nd Floor","Plano","Texas","US","http://www.dermamedspas.com/","(945) 284-8547","Medical spa",,,,,,,,,,"https://www.google.com/maps/search/?api=1&query=Derma%20Med%20Spa%20-%20Plano&query_place_id=ChIJj7n1haYZTIYRVjucP9vwHCo","Medical spa"
"Revived Aesthetics","5","113","1805 Preston Rd Ste 102","Plano","Texas","US","https://www.revived-aesthetics.com/","(214) 885-7131","Medical spa",,,,,,,,,,"https://www.google.com/maps/search/?api=1&query=Revived%20Aesthetics&query_place_id=ChIJ5w1A2k0jTIYRpk1ug7WFY04","Medical spa"
"Dallas Dermatology and Aesthetics","4.9","282","4104 W 15th St STE 202","Plano","Texas","US","https://www.dallasdermmd.com/","(972) 608-3100","Dermatologist","Doctor","Skin care clinic","Surgical center",,,,,,,"https://www.google.com/maps/search/?api=1&query=Dallas%20Dermatology%20and%20Aesthetics&query_place_id=ChIJISEAPeYjTIYRLjx5XkhNBa0","Dermatologist"
"Medical Aesthetics of North Dallas","4.9","153","6541 Preston Rd STE 300","Plano","Texas","US","https://northdallasmedspa.com/?utm_source=GMBSocialClimb&utm_medium=MedicalAestheticsofNorthDallas","(214) 577-1777","Skin care clinic","Laser hair removal service","Medical spa",,,,,,,,"https://www.google.com/maps/search/?api=1&query=Medical%20Aesthetics%20of%20North%20Dallas&query_place_id=ChIJjbdK20wiTIYR0nqdZPir3lw","Skin care clinic"
"Intricate Health OB/GYN","4.5","114","525 Shiloh Rd Ste 2100","Plano","Texas","US","https://www.intricatehealth.net/","(469) 640-6423","Women's health clinic","Medical spa",,,,,,,,,"https://www.google.com/maps/search/?api=1&query=Intricate%20Health%20OB%2FGYN&query_place_id=ChIJoZjy1Ms0OmQRMzgWzSfBrKc","Women's health clinic"
"Nūr Skin Aesthetics","5","37","3921 W Park Blvd 150 Suite 129","Plano","Texas","US","https://nr-skin-aesthetics.square.site/","(469) 361-7226","Day spa",,,,,,,,,,"https://www.google.com/maps/search/?api=1&query=N%C5%ABr%20Skin%20Aesthetics&query_place_id=ChIJeTaYxM8jTIYRlNIoDuhK2Qc","Day spa"
"Massage Envy","4.5","245","6101 K Ave Ste 160","Plano","Texas","US","https://locations.massageenvy.com/texas/plano/6101-avenue-k.html?utm_source=GMB&utm_medium=useractions&utm_campaign=website","(972) 516-8888","Massage spa","Day spa","Esthetics service","Facial spa","Massage therapist","Reflexologist","Skin care clinic","Spa","Sports massage therapist","Wellness center","https://www.google.com/maps/search/?api=1&query=Massage%20Envy&query_place_id=ChIJje3qQMcZTIYRKWhB9utlnT8","Massage spa"
"Robert Marinaro, MD","4.9","491","3600 Shire Blvd #210","Richardson","Texas","US","https://www.usdermatologypartners.com/provider/robert-marinaro-md/?utm_source=pg-google&utm_medium=organic&utm_campaign=pg-listings","(469) 326-3376","Dermatologist",,,,,,,,,,"https://www.google.com/maps/search/?api=1&query=Robert%20Marinaro%2C%20MD&query_place_id=ChIJvU05qqsZTIYRxQzWnngpQQI","Dermatologist"
"MEDSPA 33","5","71","525 Shiloh Rd Suite 2500","Plano","Texas","US","https://www.medspa33.com/","(469) 953-3812","Medical spa",,,,,,,,,,"https://www.google.com/maps/search/?api=1&query=MEDSPA%2033&query_place_id=ChIJWZngp5oZTIYRSD8tsHSgKqM","Medical spa"
"The Aesthetic Touch by Raya","5","43","2865 McDermott Rd # 225","Plano","Texas","US","https://www.aesthetictouchbyraya.com/","(949) 323-1639","Medical spa",,,,,,,,,,"https://www.google.com/maps/search/?api=1&query=The%20Aesthetic%20Touch%20by%20Raya&query_place_id=ChIJtbEu2J0XTIYRx6WAxNDa0-w","Medical spa"
"U.S. Dermatology Partners Richardson","4.8","1075","3600 Shire Blvd #210","Richardson","Texas","US","https://www.usdermatologypartners.com/locations/texas/richardson/3600-shire-blvd-ste-210/","(469) 326-3376","Dermatologist","Medical group","Skin care clinic",,,,,,,,"https://www.google.com/maps/search/?api=1&query=U.S.%20Dermatology%20Partners%20Richardson&query_place_id=ChIJ6yUcQrLZTYYRzLUqG_WK0aI","Dermatologist"
"Shahina Hoja Aesthetics (Medspa & Acne Clinic)","4.9","213","2865 McDermott Rd # 225","Plano","Texas","US","http://www.shahinahoja.com/","(469) 823-0402","Medical spa","Facial spa","Health spa","Laser hair removal service","Skin care clinic",,,,,,"https://www.google.com/maps/search/?api=1&query=Shahina%20Hoja%20Aesthetics%20(Medspa%20%26%20Acne%20Clinic)&query_place_id=ChIJmUyvIXtFwokRhPdD_zsK5ow","Medical spa"
"NG Beauty Studio Inc.","4.4","68","2949 W 15th St","Plano","Texas","US","http://www.ngbeauties.com/","(945) 201-0046","Beauty salon","Medical spa",,,,,,,,,"https://www.google.com/maps/search/?api=1&query=NG%20Beauty%20Studio%20Inc.&query_place_id=ChIJqykMt48fTIYRvF4btcdxPn4","Beauty salon"
"Britestar Primary Care and Weight Loss Clinic","5","107","6100 K Ave Ste 108","Plano","Texas","US","https://britestarclinic.com/","(469) 910-8283","Medical clinic","HIV testing center","Reproductive health clinic","Skin care clinic","STD clinic","STD testing service","Weight loss service",,,,"https://www.google.com/maps/search/?api=1&query=Britestar%20Primary%20Care%20and%20Weight%20Loss%20Clinic&query_place_id=ChIJxUR0edsZTIYRCLmbWUSPfn8","Medical clinic"
"Secret skin by nuha","5","15","2901 N Central Expy #125","Plano","Texas","US","https://www.instagram.com/secret_skin25?igsh=cGljcGFjZmNpcmdy&utm_source=qr","(469) 975-5377","Esthetics service","Laser hair removal service",,,,,,,,,"https://www.google.com/maps/search/?api=1&query=Secret%20skin%20by%20nuha&query_place_id=ChIJZz0KFuEZTIYR79LVVDU72f4","Esthetics service"
"Bodifyed Sculpt Spa","5","13","4909 W Park Blvd Bldg Suite 157, Suite 1","Plano","Texas","US","https://www.bodifyed.com/","(972) 379-9146","Weight loss service",,,,,,,,,,"https://www.google.com/maps/search/?api=1&query=Bodifyed%20Sculpt%20Spa&query_place_id=ChIJFeq90EDZtiER9eJqWEXMf-k","Weight loss service"
"Glow On Beauty","5","51","1805 Preston Rd Rm 901","Plano","Texas","US","http://glow-on-beauty.com/","(469) 298-9446","Facial spa","Medical spa",,,,,,,,,"https://www.google.com/maps/search/?api=1&query=Glow%20On%20Beauty&query_place_id=ChIJCb98SLolTIYRK7r0udg2am4","Facial spa"
"American Institute For Plastic Surgery","4.5","96","6020 W Plano Pkwy","Plano","Texas","US","http://www.ai4ps.com/","(972) 543-2477","Plastic surgeon",,,,,,,,,,"https://www.google.com/maps/search/?api=1&query=American%20Institute%20For%20Plastic%20Surgery&query_place_id=ChIJ87k4kmUiTIYRGDYvuBl1LX0","Plastic surgeon"
"Red Mountain Weight Loss","4.3","77","5930 W Park Blvd #100","Plano","Texas","US","https://www.redmountainweightloss.com/areas-served/plano-tx/","(214) 960-5245","Weight loss service","Medical spa","Men's health physician",,,,,,,,"https://www.google.com/maps/search/?api=1&query=Red%20Mountain%20Weight%20Loss&query_place_id=ChIJWR7j3IAjTIYRQtdtuztgyt8","Weight loss service"
"North Texas Plastic Surgery","4.9","816","5412 W Plano Pkwy #101","Plano","Texas","US","https://www.northtexasplasticsurgery.com/plano-plastic-surgery/?utm_source=GBP&utm_medium=GBP&utm_campaign=GBP_Plano&utm_id=GBP_Plano","(214) 272-8533","Plastic surgeon","Cosmetic surgeon","Medical spa","Plastic surgery clinic",,,,,,,"https://www.google.com/maps/search/?api=1&query=North%20Texas%20Plastic%20Surgery&query_place_id=ChIJ-12zoZAjTIYRD9fKrEoO1_A","Plastic surgeon"
"Roberts Cosmetic Surgery","4.8","193","5144 Village Creek Dr","Plano","Texas","US","https://www.robertscosmeticsurgery.com/","(972) 608-0000","Plastic surgeon","Medical spa",,,,,,,,,"https://www.google.com/maps/search/?api=1&query=Roberts%20Cosmetic%20Surgery&query_place_id=ChIJOYebnWMjTIYRVYV5_ShkdHA","Plastic surgeon"
"Texas Eye and Aesthetic Center","5","84","3950 W Plano Pkwy","Plano","Texas","US","http://drsahmad.com/","(972) 519-9933","Medical clinic",,,,,,,,,,"https://www.google.com/maps/search/?api=1&query=Texas%20Eye%20and%20Aesthetic%20Center&query_place_id=ChIJO_wzzRsjTIYRfblxxz2Qous","Medical clinic"
"Willowbend Health & Wellness","4.6","11","4601 Old Shepard Pl bldg 2 ste 201","Plano","Texas","US","https://willowbendhealthandwellness.com/","(469) 361-4000","Wellness center","Holistic medicine practitioner","Medical office","Weight loss service",,,,,,,"https://www.google.com/maps/search/?api=1&query=Willowbend%20Health%20%26%20Wellness&query_place_id=ChIJzToHxVMiTIYRB5JalaTQRMo","Wellness center"
"Spavia Day Spa - West Plano","4.8","934","2100 Dallas Pkwy #152","Plano","Texas","US","https://planotx.spaviadayspa.com/","(469) 304-9444","Spa","Day spa","Facial spa","Massage spa",,,,,,,"https://www.google.com/maps/search/?api=1&query=Spavia%20Day%20Spa%20-%20West%20Plano&query_place_id=ChIJ27Yr9ngjTIYR8Er67n4CQk8","Spa"
"Rize up medical","5","1","6275 W Plano Pkwy Suite 500","Plano","Texas","US","https://www.rizeupmedical.com/","(469) 269-0844","Medical supply store",,,,,,,,,,"https://www.google.com/maps/search/?api=1&query=Rize%20up%20medical&query_place_id=ChIJefcjO68jTIYRzKcApWESdXU","Medical supply store"
"Noble Cosmetic Surgery","4.8","480","6201 K Ave Suite 100","Plano","Texas","US","https://www.noblecosmeticsurgery.com/?utm_source=GBP&utm_medium=organic&utm_campaign=GBP_Plano&utm_id=GBP_Plano","(214) 227-0668","Plastic surgeon","Cosmetic surgeon","Medical spa","Plastic surgery clinic",,,,,,,"https://www.google.com/maps/search/?api=1&query=Noble%20Cosmetic%20Surgery&query_place_id=ChIJqbacwhMYTIYRtfVTodI3cfE","Plastic surgeon"
"Keha Couture Beauty","5","3","1025 Preston Rd","Plano","Texas","US","http://www.kcb.glossgenius.com/","(682) 358-8067","Medical spa",,,,,,,,,,"https://www.google.com/maps/search/?api=1&query=Keha%20Couture%20Beauty&query_place_id=ChIJsRBtqrcjTIYRrjsgUqpstX8","Medical spa"
"Positive Indulgence Spa","5","14","1209 E 15th St","Plano","Texas","US","http://www.positiveindulgence.com/","(214) 202-8252","Spa","Facial spa","Massage therapist","Skin care clinic","Waxing hair removal service",,,,,,"https://www.google.com/maps/search/?api=1&query=Positive%20Indulgence%20Spa&query_place_id=ChIJEyd3WR0ZTIYRzzXOqjgW-SE","Spa"
"ClubInject®","4.9","59","Located Inside Sola Salon, 1900 Preston Rd #345, Studio #5","Plano","TX","US","http://www.clubinject.com/","(480) 576-2246","Medical spa",,,,,,,,,,"https://www.google.com/maps/search/?api=1&query=ClubInject%C2%AE&query_place_id=ChIJ2QA9bEMjTIYRVwMAQH4wFeE","Medical spa"
"Family Health and Wellness of Plano","4.4","57","5148 Village Creek Dr Suite 300","Plano","Texas","US","https://www.familyhealthwellnessplanotx.com/","(469) 661-1100","Wellness center","Chiropractor","Doctor","General practitioner","Holistic medicine practitioner","Medical spa","Nutritionist","Pain management physician","Physical therapist","Weight loss service","https://www.google.com/maps/search/?api=1&query=Family%20Health%20and%20Wellness%20of%20Plano&query_place_id=ChIJ60yZt7EjTIYRFI5epDaZKXs","Wellness center"
"The Skin Studio","5","13","Inside Mattison Avenue Salon Suites, 1921 Preston Rd Suites 116-117","Plano","Texas","US","https://www.theskinstudioonline.com/index.html","(713) 303-6558","Facial spa","Day spa","Skin care clinic","Spa",,,,,,,"https://www.google.com/maps/search/?api=1&query=The%20Skin%20Studio&query_place_id=ChIJ0c1kiN2c5BQRGVHIP_6CP3I","Facial spa"
"Aoki Head Spa & Skin","5","539","6505 W Park Blvd Suite 105","Plano","Texas","US","https://aokispa.com/locations-plano/","(469) 409-6076","Day spa","Facial spa","Health spa","Skin care clinic",,,,,,,"https://www.google.com/maps/search/?api=1&query=Aoki%20Head%20Spa%20%26%20Skin&query_place_id=ChIJp3rLoeYlTIYRIZ6iQhphz_c","Day spa"
"Highland Park Aesthetics Plano","5","20","1921 Preston Rd 2066 Suite 130","Plano","Texas","US","https://highlandpark.clinic/","(214) 774-9644","Medical spa",,,,,,,,,,"https://www.google.com/maps/search/?api=1&query=Highland%20Park%20Aesthetics%20Plano&query_place_id=ChIJ1wP77PIjTIYR4ns-c_wcDfQ","Medical spa"
"Vybe Aesthetics","4.9","307","8608 Preston Rd Ste 100 Room #15","Plano","Texas","US","http://www.vybeaesthetics.com/","(214) 997-8575","Skin care clinic","Facial spa","Medical spa",,,,,,,,"https://www.google.com/maps/search/?api=1&query=Vybe%20Aesthetics&query_place_id=ChIJEwYK3KE_TIYRmT_U0ejLi1Q","Skin care clinic"
"Skin LovER Aesthetics","5","72","4601 Old Shepard Pl STE 210","Plano","Texas","US","http://www.skinloverspa.com/","(469) 333-1401","Day spa","Medical spa",,,,,,,,,"https://www.google.com/maps/search/?api=1&query=Skin%20LovER%20Aesthetics&query_place_id=ChIJswSLCakjTIYRz_4qGuLGqec","Day spa"
"Spectra Salon Suites","4.3","15","1805 Preston Rd","Plano","Texas","US","https://www.spectrasalonsuites.com/locations/plano","(972) 835-1527","Beauty salon",,,,,,,,,,"https://www.google.com/maps/search/?api=1&query=Spectra%20Salon%20Suites&query_place_id=ChIJA52lgf4jTIYR4jmRaqgmKOA","Beauty salon"
"Luxino Permanent MakeUp","4.9","39","4909 W Park Blvd 157, STE 18","Plano","Texas","US","https://www.luxinopmu.com/","(469) 698-6122","Permanent make-up clinic","Local medical services","Medical clinic","Medical spa","Physician referral service","Tattoo artist","Tattoo shop",,,,"https://www.google.com/maps/search/?api=1&query=Luxino%20Permanent%20MakeUp&query_place_id=ChIJ-_qecLBp6oARRLUjxhi4idk","Permanent make-up clinic"
"Liquid Wellness & IV: Dallas Metro Clinic & Mobile (We Come to You)","5","194","Inside of Cowboys Fit, 4817 W Park Blvd","Plano","Texas","US","https://www.liquidwellnessiv.com/","(855) 954-7843","Wellness center","Health counselor","Health spa","Home health care service","Medical clinic","Medical spa","Nurse practitioner","Vitamin & supplements store",,,"https://www.google.com/maps/search/?api=1&query=Liquid%20Wellness%20%26%20IV%3A%20Dallas%20Metro%20Clinic%20%26%20Mobile%20(We%20Come%20to%20You)&query_place_id=ChIJsZW6fQcjTIYR808ccvzsW30","Wellness center"
"Spa Zone by Paris","5","46","Spectra Salon Suites, 1805 Preston Rd Suite #403","Plano","Texas","US","https://www.spazonebyparis.com/","(214) 718-8159","Beauty salon","Aromatherapy service","Day spa","Facial spa","Massage spa","Spa",,,,,"https://www.google.com/maps/search/?api=1&query=Spa%20Zone%20by%20Paris&query_place_id=ChIJf7q8IAA9TIYRplMGj-vdz44","Beauty salon"
"Optim8 Health and Wellness","4.7","63","2301 Ohio Dr # 115","Plano","Texas","US","https://optim8healthandwellness.com/","(972) 942-4039","Wellness center","Holistic medicine practitioner","Medical spa","Naturopathic practitioner","Nurse practitioner","Nutritionist","Women's health clinic","Skin care clinic","Vitamin & supplements store","Weight loss service","https://www.google.com/maps/search/?api=1&query=Optim8%20Health%20and%20Wellness&query_place_id=ChIJq6qO_-cXTIYRDfjw1Ds0o5o","Wellness center"
"The Spa Butler","4.9","57","5055 W Park Blvd #400","Plano","Texas","US","http://www.thespabutler.com/","(214) 785-6719","Wholesaler",,,,,,,,,,"https://www.google.com/maps/search/?api=1&query=The%20Spa%20Butler&query_place_id=ChIJPYbbpEGoKKgRki5UJYwUMqs","Wholesaler"
"The Aesthetic Consultants","4.3","6","1304 Village Creek Dr #300","Plano","Texas","US","https://theaestheticconsultants.com/","(972) 750-0376","Medical spa",,,,,,,,,,"https://www.google.com/maps/search/?api=1&query=The%20Aesthetic%20Consultants&query_place_id=ChIJGxCmsJ89TIYR57rl5LVPzjA","Medical spa"
"SculptedMD Plano","5","6","1201 E Spring Creek Pkwy","Plano","Texas","US","https://www.sculptedmd.com/texas/plano/","(469) 631-6056","Medical spa",,,,,,,,,,"https://www.google.com/maps/search/?api=1&query=SculptedMD%20Plano&query_place_id=ChIJNS2KuWoZTIYRsfuAp8UPI2E","Medical spa"
"NovaDerm Med Spa","5","81","4909 W Park Blvd Suite 157, Room 14","Plano","Texas","US","https://novadermllc.com/","(972) 654-2414","Medical spa",,,,,,,,,,"https://www.google.com/maps/search/?api=1&query=NovaDerm%20Med%20Spa&query_place_id=ChIJ6UzFZt45TIYRe-QGKHriGqA","Medical spa"
"Emerald Laser Spa","5","2","4909 W Park Blvd Suite 157","Plano","Texas","US","https://emeraldlaserspa.co/","(214) 215-6588","Medical spa",,,,,,,,,,"https://www.google.com/maps/search/?api=1&query=Emerald%20Laser%20Spa&query_place_id=ChIJjd6WN6kjTIYRsOnDEUyGBCo","Medical spa"
"VIO Med Spa Plano","4.9","34","2412 Preston Rd #160","Plano","Texas","US","https://www.viomedspa.com/locations/plano","(945) 284-0815","Medical spa",,,,,,,,,,"https://www.google.com/maps/search/?api=1&query=VIO%20Med%20Spa%20Plano&query_place_id=ChIJx48nyKkjTIYR75m7SPdfjus","Medical spa"
"effective skin solutions","5","3","6660 Conecuh Dr","Plano","Texas","US","https://www.styleseat.com/m/v/EffectiveSkinSolutions","(214) 236-7369","Skin care clinic",,,,,,,,,,"https://www.google.com/maps/search/?api=1&query=effective%20skin%20solutions&query_place_id=ChIJyZjWD_EZTIYRO0oUzjrVe9s","Skin care clinic"
"Princess Med Spa","4.9","120","1312 Village Creek Dr STE 800","Plano","Texas","US","https://princess-medspa.com/","(214) 468-4829","Medical spa",,,,,,,,,,"https://www.google.com/maps/search/?api=1&query=Princess%20Med%20Spa&query_place_id=ChIJ__8vCLEjTIYR5iIUmzBxEFY","Medical spa"
"VIP Total Health & Hydration","4.8","45","4708 W Plano Pkwy STE 300","Plano","Texas","US","https://viptotalhealth.com/plano","(214) 240-9243","Wellness center","Medical spa",,,,,,,,,"https://www.google.com/maps/search/?api=1&query=VIP%20Total%20Health%20%26%20Hydration&query_place_id=ChIJQSfWv7cjTIYRDrrDrVXYUv0","Wellness center"
"SkinSpirit Plano","4.9","292","2401 Preston Rd Suite F","Plano","Texas","US","https://www.skinspirit.com/locations/plano/","(469) 829-4200","Medical spa","Facial spa","Laser hair removal service","Skin care clinic",,,,,,,"https://www.google.com/maps/search/?api=1&query=SkinSpirit%20Plano&query_place_id=ChIJXd2s2mQjTIYRWdllNxfckVg","Medical spa"
"LED Skin Care Center","4.8","35","4909 W Park Blvd #37","Plano","Texas","US","https://ledskincarespa.com/","(972) 378-0291","Skin care clinic","Alternative medicine practitioner","Health spa",,,,,,,,"https://www.google.com/maps/search/?api=1&query=LED%20Skin%20Care%20Center&query_place_id=ChIJDbPzk2AjTIYRDOqCH1JXX9g","Skin care clinic"
"Eternaderm Advanced Medical Aesthetics","4.8","43","4601 Old Shepard Pl STE 402","Plano","Texas","US","https://www.eternaderm.com/","(469) 927-7046","Medical spa",,,,,,,,,,"https://www.google.com/maps/search/?api=1&query=Eternaderm%20Advanced%20Medical%20Aesthetics&query_place_id=ChIJfQly1GsjTIYR7C7fZfM2qk0","Medical spa"
"Transformations with Dr. Y","5","14","1921 Preston Rd #2066","Plano","Texas","US","https://www.transformationswithdry.com/","(214) 272-9899","Medical clinic","Career guidance service","Counselor","Doctor","Health counselor","Life coach","Medical spa","Mental health service","Physical therapist","Weight loss service","https://www.google.com/maps/search/?api=1&query=Transformations%20with%20Dr.%20Y&query_place_id=ChIJ6YcC8Hh-2mcRyNTZ6A6brgA","Medical clinic"
"MD Laser Med Spa","4.9","94","3001 Dallas Pkwy Suite 260 Floor2","Plano","Texas","US","http://www.mdlasermed.com/","(469) 445-1171","Medical spa","Beauty salon",,,,,,,,,"https://www.google.com/maps/search/?api=1&query=MD%20Laser%20Med%20Spa&query_place_id=ChIJF_p5z8gjTIYRUN5lVGd_LK8","Medical spa"
"Silk Skin Laser Center","4.4","35","4909 W Park Blvd Ste 157, Room 40","Plano","Texas","US","http://www.silkskinlasercenter.net/","(214) 675-8561","Laser hair removal service","Skin care clinic",,,,,,,,,"https://www.google.com/maps/search/?api=1&query=Silk%20Skin%20Laser%20Center&query_place_id=ChIJiZ2vMlUiTIYRo4mBblc7pEc","Laser hair removal service"
"Plano Aesthetics","4.7","15","6213 Chapel Hill Blvd A","Plano","Texas","US","https://beyondbeautifultexas.com/dr-jeffrey-caruth","(972) 608-0990","Surgical center",,,,,,,,,,"https://www.google.com/maps/search/?api=1&query=Plano%20Aesthetics&query_place_id=ChIJYyadMZwkTIYRpJVcBOeheHg","Surgical center"
"Semper Laser","4.5","198","1900 Preston Rd Suite 281","Plano","Texas","US","https://www.semperlaser.com/location/west-plano-laser-hair-removal","(469) 960-5851","Laser hair removal service",,,,,,,,,,"https://www.google.com/maps/search/?api=1&query=Semper%20Laser&query_place_id=ChIJTVQobigjTIYRH6QcUi0Bf_Q","Laser hair removal service"
"Depil Brazil Waxing Studio","4.7","775","2108 Dallas Pkwy #224","Plano","Texas","US","https://depilbrazilwaxing.com/","(972) 408-0101","Waxing hair removal service","Hair removal service",,,,,,,,,"https://www.google.com/maps/search/?api=1&query=Depil%20Brazil%20Waxing%20Studio&query_place_id=ChIJiT-8uHgjTIYRzddLKT_YrxI","Waxing hair removal service"
"Mod Facial and Massage","4.8","137","1601 Preston Rd Suite N","Plano","Texas","US","https://www.modfacial.com/","(469) 991-3896","Day spa","Facial spa","Massage spa",,,,,,,,"https://www.google.com/maps/search/?api=1&query=Mod%20Facial%20and%20Massage&query_place_id=ChIJv5kzsqUjTIYR4QKgT4Brr5A","Day spa"
"Skin Study Med Spa","5","41","6505 W Park Blvd Building 160, suite #113","Plano","Texas","US","https://www.skinstudymedspa.com/","(469) 422-5534","Medical spa","Facial spa","Skin care clinic",,,,,,,,"https://www.google.com/maps/search/?api=1&query=Skin%20Study%20Med%20Spa&query_place_id=ChIJb0pJGnil4EoR0gaKcy60x0E","Medical spa"
"Aesthetic Dentistry Centre Plano: Implant & Cosmetic Specialists","4.8","116","1200 Village Creek Dr #102","Plano","Texas","US","https://www.adcplano.com/?utm_source=GMBlisting&utm_medium=organic","(972) 931-0090","Dentist","Cosmetic dentist","Dental implants periodontist","Denture care center","Periodontist","Teeth whitening service",,,,,"https://www.google.com/maps/search/?api=1&query=Aesthetic%20Dentistry%20Centre%20Plano%3A%20Implant%20%26%20Cosmetic%20Specialists&query_place_id=ChIJ0fdvsrEjTIYRoDKtNk0HIHU","Dentist"
"H&M Aesthetics, LLC","5","50","2401 Preston Rd","Plano","Texas","US","http://hminject.com/","(214) 556-2034","Beauty school",,,,,,,,,,"https://www.google.com/maps/search/?api=1&query=H%26M%20Aesthetics%2C%20LLC&query_place_id=ChIJ98HTS_4jTIYRetyUO1PtQ8k","Beauty school"
"Celine Medical Spa","5","18","5168 Village Creek Dr Suite 300","Plano","Texas","US","https://www.celinemedicalspa.com/","(972) 750-6100","Medical spa","Facial spa","Laser hair removal service","Skin care clinic",,,,,,,"https://www.google.com/maps/search/?api=1&query=Celine%20Medical%20Spa&query_place_id=ChIJKwWHwPgjTIYRtx5P4us_Ix0","Medical spa"
"Vitalize Medical Spa","4.8","94","2633 Dallas Pkwy #201","Plano","Texas","US","http://www.vitalizemedicalspa.com/","(972) 473-4999","Medical spa",,,,,,,,,,"https://www.google.com/maps/search/?api=1&query=Vitalize%20Medical%20Spa&query_place_id=ChIJV6fj63wjTIYR--m2GJOnfrw","Medical spa"
"Starwood Med Spa","4.9","156","8404 Preston Rd #208","Plano","Texas","US","https://starwoodmedspa.com/starwood-plano-med-spa/","(214) 705-0400","Medical spa","Health and beauty shop","Health consultant","Laser hair removal service","Skin care clinic","Tattoo removal service","Weight loss service",,,,"https://www.google.com/maps/search/?api=1&query=Starwood%20Med%20Spa&query_place_id=ChIJWx6gFj09TIYR9tExGmtztDI","Medical spa"
"Ultimate Image MedSpa","4.9","622","4674 McDermott Rd #309","Plano","Texas","US","https://ultimateimagemedspa.com/?utm_source=google&utm_medium=organic&utm_campaign=gbp","(972) 800-2127","Medical spa","Beauty salon","Laser hair removal service","Skin care clinic",,,,,,,"https://www.google.com/maps/search/?api=1&query=Ultimate%20Image%20MedSpa&query_place_id=ChIJPz2DTd48TIYRqu_hNAxeGEc","Medical spa"
"Rox Skin Studio, LLC","5","6","8308 Preston Rd 200 Room 210","Plano","Texas","US","http://roxskinstudio.com/","(469) 500-9515","Skin care clinic","Facial spa",,,,,,,,,"https://www.google.com/maps/search/?api=1&query=Rox%20Skin%20Studio%2C%20LLC&query_place_id=ChIJO-A-VKojTIYR4P0AI1vDApc","Skin care clinic"
"INJEXED MedBar","5","172","5200 McDermott Rd #215","Plano","Texas","US","https://injexed.com/","(469) 649-7106","Spa","Dermatologist","Facial spa","Medical spa",,,,,,,"https://www.google.com/maps/search/?api=1&query=INJEXED%20MedBar&query_place_id=ChIJIacT9VI9TIYRlAXx0uxlQn8","Spa"
"Texas Skin Surgery Center","4.9","33","3585 National Dr Suite #150","Plano","Texas","US","http://www.txskinsurgery.com/","(469) 467-6647","Surgical center",,,,,,,,,,"https://www.google.com/maps/search/?api=1&query=Texas%20Skin%20Surgery%20Center&query_place_id=ChIJdXASzkwiTIYRgJeA8eUEVz4","Surgical center"
"Skin Resq","5","3","2801 W Parker Rd #6","Plano","Texas","US","https://skinresq.me/","(469) 995-4552","Skin care clinic",,,,,,,,,,"https://www.google.com/maps/search/?api=1&query=Skin%20Resq&query_place_id=ChIJS51AHq4jTIYR6p-7aJv6sFo","Skin care clinic"
"The Source of Hope","5","14","1108 W Parker Rd Ste 102","Plano","Texas","US","https://www.thesourceofhope.org/","(469) 969-0244","Non-profit organization","Beauty salon","Hair salon","Soup kitchen","Wellness center",,,,,,"https://www.google.com/maps/search/?api=1&query=The%20Source%20of%20Hope&query_place_id=ChIJa3vEC1oYTIYR8VRL0jVb0m4","Non-profit organization"
"Sheri Salon","4.9","224","909 W Spring Creek Pkwy #411","Plano","Texas","US","https://sherisalontx.com/","(214) 694-6407","Beauty salon",,,,,,,,,,"https://www.google.com/maps/search/?api=1&query=Sheri%20Salon&query_place_id=ChIJf2zefUQZTIYRmVQ1375D_wQ","Beauty salon"
"Skin Sanctuary Studio","5","35","8308 Preston Rd Suite 246","Plano","Texas","US","https://planoskintreatments.com/","(972) 905-3758","Spa","Skin care clinic","Waxing hair removal service",,,,,,,,"https://www.google.com/maps/search/?api=1&query=Skin%20Sanctuary%20Studio&query_place_id=ChIJyR3YAtU9TIYR-_GWApRVB30","Spa"
"ReClaim Health with Laura Precourt, D.C.","5","10","2237 W Parker Rd F","Plano","Texas","US","https://www.vagaro.com/reclaimhealthplano","(469) 512-8671","Chiropractor","Holistic medicine practitioner","Naturopathic practitioner",,,,,,,,"https://www.google.com/maps/search/?api=1&query=ReClaim%20Health%20with%20Laura%20Precourt%2C%20D.C.&query_place_id=ChIJiREKEWUYTIYRUxzQWxZYJbQ","Chiropractor"
"Oral Surgery Associates of North Texas","4.9","448","5501 Independence Pkwy Ste 104","Plano","Texas","US","https://www.northtexasoralsurgery.com/","(972) 985-7555","Oral surgeon","Dental implants periodontist",,,,,,,,,"https://www.google.com/maps/search/?api=1&query=Oral%20Surgery%20Associates%20of%20North%20Texas&query_place_id=ChIJuyVlI-8jTIYRD1752YS47OA","Oral surgeon"
"Chase Oaks Animal Clinic","4.5","121","141 W Spring Creek Pkwy #415","Plano","Texas","US","https://chaseoaksvet.com/","(972) 517-1970","Animal hospital","Veterinarian",,,,,,,,,"https://www.google.com/maps/search/?api=1&query=Chase%20Oaks%20Animal%20Clinic&query_place_id=ChIJZ_Xt8ccZTIYRwFXnoAlqCes","Animal hospital"
"Unique Salon Suites of Plano Lexington","4.6","31","2901 N Central Expy #125","Plano","Texas","US","https://www.facebook.com/uniquesalonsuites","(817) 875-0576","Beauty salon",,,,,,,,,,"https://www.google.com/maps/search/?api=1&query=Unique%20Salon%20Suites%20of%20Plano%20Lexington&query_place_id=ChIJm2e60G0ZTIYRKy3QPL8tg0o","Beauty salon"
"DSA Dermatology","4.9","1451","5072 W Plano Pkwy #150","Plano","Texas","US","http://www.dsadermatology.com/","(972) 985-7100","Dermatologist","Laser hair removal service","Skin care clinic",,,,,,,,"https://www.google.com/maps/search/?api=1&query=DSA%20Dermatology&query_place_id=ChIJx2mWJV4iTIYR5rjlIJLxZIA","Dermatologist"
"Skin Magic Aesthetics","5","46","1805 Preston Rd Suite 101","Plano","Texas","US","http://skinmagicmedspa.com/","","Spa",,,,,,,,,,"https://www.google.com/maps/search/?api=1&query=Skin%20Magic%20Aesthetics&query_place_id=ChIJG3FBBiIjTIYRXIb_bXpyp2g","Spa"
"Herbal Homeocare - Dr. Kiran Parekh M.D - Plano Office","4.4","61","2828 W Parker Rd #102","Plano","Texas","US","https://dallas-homeopathy.com/","(469) 209-9264","Homeopath","Alternative medicine practitioner","Holistic medicine practitioner","Naturopathic practitioner",,,,,,,"https://www.google.com/maps/search/?api=1&query=Herbal%20Homeocare%20-%20Dr.%20Kiran%20Parekh%20M.D%20-%20Plano%20Office&query_place_id=ChIJ13d3YO0iTIYRogILIuPT5Ss","Homeopath"
"Themedspabyrayray","4.8","64","6200 Chase Oaks Blvd #101","Plano","Texas","US","https://linktr.ee/rayrayspa","(682) 521-6752","Medical spa","Medical clinic",,,,,,,,,"https://www.google.com/maps/search/?api=1&query=Themedspabyrayray&query_place_id=ChIJn3mn9kQpTIYRHg6ibibhCgA","Medical spa"
"Mara Dacso, MD","4.3","12","8080 Independence Pkwy #150","Plano","Texas","US","https://innovative-dermatology.com/","(214) 919-3500","Dermatologist",,,,,,,,,,"https://www.google.com/maps/search/?api=1&query=Mara%20Dacso%2C%20MD&query_place_id=ChIJY_qg9e4pTIYRcrZpohuAHRg","Dermatologist"
"Fresenius Kidney Care Collin County","4","8","3420 K Ave STE 150","Plano","Texas","US","https://www.freseniuskidneycare.com/dialysis-centers/texas/1871?utm_campaign=Website&utm_medium=&utm_source=YextGMB&utm_content=1871&y_source=1_MjYyMzI1MC03MTUtbG9jYXRpb24ud2Vic2l0ZQ%3D%3D","(800) 881-5101","Dialysis center",,,,,,,,,,"https://www.google.com/maps/search/?api=1&query=Fresenius%20Kidney%20Care%20Collin%20County&query_place_id=ChIJ2eN9064ZTIYRUBz2AKjh-_0","Dialysis center"
"AStylistDream","5","1","3033 W Parker Rd","Plano","Texas","US","https://www.styleseat.com/m/v/adriennegarrett?ncd_source=social_media&utm_campaign=vanity","(469) 783-6531","Beauty salon","Barber shop","Hair salon",,,,,,,,"https://www.google.com/maps/search/?api=1&query=AStylistDream&query_place_id=ChIJz5oDTxYjTIYRtZw6OvwQ8jM","Beauty salon"
"Stone International Wellness Center","5","85","1108 W Parker Rd Ste 102","Plano","Texas","US","https://www.stoneiwc.com/","(972) 473-2205","Holistic medicine practitioner",,,,,,,,,,"https://www.google.com/maps/search/?api=1&query=Stone%20International%20Wellness%20Center&query_place_id=ChIJtZdWkHgjTIYR1-jXe7wCbjM","Holistic medicine practitioner"
"Abracadabra Electrolysis Inc","4.9","35","6200 Chase Oaks Blvd STE 103","Plano","Texas","US","http://hairremovalplano.com/","(972) 527-4247","Hair removal service",,,,,,,,,,"https://www.google.com/maps/search/?api=1&query=Abracadabra%20Electrolysis%20Inc&query_place_id=ChIJS2Qg6DUYTIYR2PKzJSEuQqw","Hair removal service"
"Park Mall Animal Clinic","4.8","729","2721 Dobie Dr","Plano","Texas","US","http://www.pmacplano.com/","(972) 423-1804","Animal hospital",,,,,,,,,,"https://www.google.com/maps/search/?api=1&query=Park%20Mall%20Animal%20Clinic&query_place_id=ChIJjd6Z-wYZTIYRFi5SPCfGd9U","Animal hospital"
"Innovative Dermatology","4.8","1071","8080 Independence Pkwy #150","Plano","Texas","US","https://innovative-dermatology.com/?utm_source=gbp&utm_medium=organic&utm_campaign=website_link&y_source=1_NjYyNDA1MDUtNzE1LWxvY2F0aW9uLndlYnNpdGU%3D","(214) 919-3500","Dermatologist","Pediatric dermatologist","Skin care clinic",,,,,,,,"https://www.google.com/maps/search/?api=1&query=Innovative%20Dermatology&query_place_id=ChIJi4Bhp-IXTIYRgQzrvCBWmAI","Dermatologist"
"Restore Hyper Wellness","4.9","279","1941 Preston Rd #1035","Plano","Texas","US","https://www.restore.com/locations/tx-plano-tx005?utm_source=gmb&utm_medium=Yext&y_source=1_MzE2Mjk5MjctNzE1LWxvY2F0aW9uLndlYnNpdGU%3D","(469) 969-2878","Medical spa","IV therapy service","Wellness center",,,,,,,,"https://www.google.com/maps/search/?api=1&query=Restore%20Hyper%20Wellness&query_place_id=ChIJrw3b2KsjTIYRjw4pGilRSB0","Medical spa"
"All About Beauty Academy","4.9","99","5501 Independence Pkwy Suite 310","Plano","Texas","US","http://www.allaboutbeautyacademy.com/","(469) 463-3090","Beauty school","Barber school","Education center","Esthetics service","Laser hair removal service","Permanent make-up clinic","Training center","Vocational school",,,"https://www.google.com/maps/search/?api=1&query=All%20About%20Beauty%20Academy&query_place_id=ChIJaRs_kE8ZTIYRUfWPqVaICIE","Beauty school"
"Exposé Skin | Facial Spa","5","43","6800 Alma Dr Ste 102","Plano","Texas","US","https://www.exposeskin.com/?fbclid=PAZXh0bgNhZW0CMTEAAaY-8bwebB9qZG-VX0ELJ-7OMJ_d9D1CwwSTiuKMx5XO1hgMRhVmG9FXnJI_aem_ilJgL61C2v4qCjVtRS5Pfw","(469) 235-5564","Medical spa",,,,,,,,,,"https://www.google.com/maps/search/?api=1&query=Expos%C3%A9%20Skin%20%7C%20Facial%20Spa&query_place_id=ChIJ-Xnuey0YTIYRJ9qxTmjLFcU","Medical spa"
"Z Aesthetics & Wellness","5","11","Inside Unique Salon Suites Of Plano Lexington, 2901 N Central Expy ste 1","Plano","Texas","US","https://holisticcorewellness.com/","(469) 918-0162","Skin care clinic","Facial spa","Medical spa","Wellness center",,,,,,,"https://www.google.com/maps/search/?api=1&query=Z%20Aesthetics%20%26%20Wellness&query_place_id=ChIJq0A7-JWfToYRuTZG-reCRLg","Skin care clinic"
"Design Body Sculpting","5","4","4601 Old Shepard Pl #302-e","Plano","Texas","US","https://designbodysculpting.com/body-contouring-plano-texas/","(945) 444-7335","Medical spa",,,,,,,,,,"https://www.google.com/maps/search/?api=1&query=Design%20Body%20Sculpting&query_place_id=ChIJA0vaAzwjTIYRJFZNoT1Px-g","Medical spa"
"Kouture Aesthetics Skincare Studio","5","1","3700 W 15th St suite 306A","Plano","Texas","US","https://kouture-aesthetics.square.site/","(469) 806-9564","Skin care clinic","Beauty salon","Eyebrow bar","Facial spa","Waxing hair removal service",,,,,,"https://www.google.com/maps/search/?api=1&query=Kouture%20Aesthetics%20Skincare%20Studio&query_place_id=ChIJy0glgk0jTIYRZnqSjifP6vI","Skin care clinic"
"IGLO Med Spa","5","13","4012 W Park Blvd","Plano","Texas","US","https://www.iglomedispa.com/","(469) 951-1272","Medical spa",,,,,,,,,,"https://www.google.com/maps/search/?api=1&query=IGLO%20Med%20Spa&query_place_id=ChIJk2z5_MMjTIYRovmzq4sI9So","Medical spa"
"Metamorph Med Spa","5","467","960 Ohio Dr Suite 200","Plano","Texas","US","https://www.metamorphmedspa.com/","(972) 519-3134","Medical spa","Health spa","IV therapy service","Skin care clinic","Weight loss service","Wellness center",,,,,"https://www.google.com/maps/search/?api=1&query=Metamorph%20Med%20Spa&query_place_id=ChIJXSQ8-eIjTIYRAIZoiBgLKsw","Medical spa"
"GLO30 Plano","5","16","4901 W Park Blvd Suite 531","Plano","Texas","US","https://glo30.com/dallas-plano/","(214) 997-6983","Skin care clinic",,,,,,,,,,"https://www.google.com/maps/search/?api=1&query=GLO30%20Plano&query_place_id=ChIJiWVyyeMjTIYR4Da6uLkPDNs","Skin care clinic"
"Lift N Fill Aesthetics By Sandra (liftnfill)","5","51","6505 W Park Blvd Suite 160, Studio 105","Plano","Texas","US","https://liftnfillaestheticsbysandra.janeapp.com/","(469) 769-0108","Medical spa","Skin care clinic",,,,,,,,,"https://www.google.com/maps/search/?api=1&query=Lift%20N%20Fill%20Aesthetics%20By%20Sandra%20(liftnfill)&query_place_id=ChIJIemB9B8lTIYRvNLPGoJrFmM","Medical spa"
"Brilliance Skin and Laser","4.9","56","5813 Preston Rd 554 Suite 202","Plano","Texas","US","https://www.brillianceskin.us/specials","(469) 450-0012","Medical spa","Facial spa","Laser hair removal service",,,,,,,,"https://www.google.com/maps/search/?api=1&query=Brilliance%20Skin%20and%20Laser&query_place_id=ChIJAYYeJzEjTIYRi62Ieo-SVE0","Medical spa"
"Advanced Dermasurgery Associates","4.6","76","5060 Tennyson Pkwy Ste 200","Plano","Texas","US","https://drposten.com/?utm_source=gbp&utm_medium=organic&utm_campaign=website_link&y_source=1_NjYyNDA0ODAtNzE1LWxvY2F0aW9uLndlYnNpdGU%3D","(972) 726-6647","Dermatologist","Skin care clinic",,,,,,,,,"https://www.google.com/maps/search/?api=1&query=Advanced%20Dermasurgery%20Associates&query_place_id=ChIJ-fOpaJYyTIYRWcN6bm2lnKE","Dermatologist"
"beem® Light Sauna West Plano","4.9","72","2108 Dallas Pkwy #216A","Plano","Texas","US","https://beemlightsauna.com/west-plano/","(214) 789-5425","Health spa","Sauna","Spa","Wellness center",,,,,,,"https://www.google.com/maps/search/?api=1&query=beem%C2%AE%20Light%20Sauna%20West%20Plano&query_place_id=ChIJJV6F-GAjTIYREzW0hsBD9S4","Health spa"
"Gorgeous Glow Spa","5","1","5805 Saintsbury Dr W #101","The Colony","Texas","US","https://www.gorgeousglowlaser.com/","(214) 297-7593","Laser hair removal service",,,,,,,,,,"https://www.google.com/maps/search/?api=1&query=Gorgeous%20Glow%20Spa&query_place_id=ChIJ0bF0TYwlTIYRmkiuQttocck","Laser hair removal service"
"It's A Secret Med Spa","4.7","378","8232 Preston Rd Suite 115","Plano","Texas","US","https://secretmedspa.com/plano-tx/","(469) 786-5874","Medical spa",,,,,,,,,,"https://www.google.com/maps/search/?api=1&query=It's%20A%20Secret%20Med%20Spa&query_place_id=ChIJAQCQZ8M8TIYR76vlNNqSr9U","Medical spa"
"Simplicity Laser","4.8","230","7200 Bishop Rd Ste D260","Plano","Texas","US","https://simplicitylaser.com/pages/laser-hair-removal-in-plano-tx","(800) 559-9138","Laser hair removal service","Hair removal service","Health and beauty shop","Medical spa","Skin care clinic",,,,,,"https://www.google.com/maps/search/?api=1&query=Simplicity%20Laser&query_place_id=ChIJlTbzvrQ9TIYRiwqB5CTp9mI","Laser hair removal service"
"Luxe Image Med Spa","5","6","5300 W Plano Pkwy #115","Plano","Texas","US","http://www.luxeimagemedspa.com/","(469) 543-9335","Medical spa",,,,,,,,,,"https://www.google.com/maps/search/?api=1&query=Luxe%20Image%20Med%20Spa&query_place_id=ChIJufsuQbsjTIYRpn8pNItVrv4","Medical spa"
"Sterling Salon Suites","4.6","55","3645 Dallas Pkwy suite 501","Plano","Texas","US","https://sterlingsalonsuites.com/","(214) 308-0177","Coworking space","Beauty salon","Hair removal service","Hair salon","Make-up artist","Massage therapist","Skin care clinic","Stylist",,,"https://www.google.com/maps/search/?api=1&query=Sterling%20Salon%20Suites&query_place_id=ChIJuXLimmAjTIYRXOGMTOjSydg","Coworking space"
"City Salon Suites & Spa - Plano","4.7","40","5813 Preston Rd #554","Plano","Texas","US","http://citysalonsuites.com/","(972) 383-9787","Beauty salon","Barber shop","Day spa","Eyelash salon","Hair salon","Make-up artist","Massage therapist","Medical spa","Nail salon","Waxing hair removal service","https://www.google.com/maps/search/?api=1&query=City%20Salon%20Suites%20%26%20Spa%20-%20Plano&query_place_id=ChIJB3zPjiEjTIYRPA5l7Utv-78","Beauty salon"
"The Plush Studio by Erika","5","1","5964 W Parker Rd Suite 116","Plano","Texas","US","http://www.theplushstudio.com/","(832) 322-2482","Skin care clinic",,,,,,,,,,"https://www.google.com/maps/search/?api=1&query=The%20Plush%20Studio%20by%20Erika&query_place_id=ChIJPx8inOrHQIYRZh1P9GYltTI","Skin care clinic"
"Plano Plastic Spa","4.9","74","4100 W 15th St STE 106","Plano","Texas","US","https://planoplasticspa.com/?utm_source=google&utm_medium=gbp&utm_campaign=gmb","(972) 599-2900","Medical spa",,,,,,,,,,"https://www.google.com/maps/search/?api=1&query=Plano%20Plastic%20Spa&query_place_id=ChIJ238AKWgiTIYR3OGSqt5xWkg","Medical spa"
"Renaissance Plastic Surgery","4.8","519","5880 Ashmill Dr STE 200","Plano","Texas","US","https://www.renaissanceplasticsurgerytx.com/","(972) 378-3870","Plastic surgeon","Cosmetic surgeon","Hair transplantation clinic","Plastic surgery clinic","Surgeon",,,,,,"https://www.google.com/maps/search/?api=1&query=Renaissance%20Plastic%20Surgery&query_place_id=ChIJxZS2PF8jTIYRp0UTx7teTAA","Plastic surgeon"
"OVME","4.7","160","7500 Windrose Ave. Suite B192","Plano","Texas","US","https://ovme.com/pages/legacy-west-plano-tx","(469) 915-6863","Medical spa","Laser hair removal service",,,,,,,,,"https://www.google.com/maps/search/?api=1&query=OVME&query_place_id=ChIJX0R_nmg9TIYROzWzfs-ym2s","Medical spa"
"Vida Bela Plastic Surgery: Chelsea Snider MD","4.9","378","3108 Midway Rd STE 102","Plano","Texas","US","http://www.vidabelaplasticsurgery.com/?utm_source=GMBlisting&utm_medium=organic&utm_campaign=gmb","(469) 598-2400","Plastic surgeon","Beauty product supplier","Cosmetic surgeon","Laser hair removal service","Medical spa","Pediatric surgeon","Plastic surgery clinic","Skin care clinic","Spa","Surgeon","https://www.google.com/maps/search/?api=1&query=Vida%20Bela%20Plastic%20Surgery%3A%20Chelsea%20Snider%20MD&query_place_id=ChIJVWcTPVk9TIYRrJHdmg74wuw","Plastic surgeon"
"Lam Facial Plastics - Samuel M. Lam, MD, FACS","4.6","396","6101 Chapel Hill Blvd Suite 101","Plano","Texas","US","https://www.lamfacialplastics.com/?utm_source=google&utm_medium=organic&utm_campaign=gbp&utm_term=Samuel-M-Lam-MD-FACS-LamFacial-Plastics&utm_content=website","(972) 312-8188","Plastic surgeon","Facial spa","Plastic surgery clinic","Skin care clinic","Surgical center",,,,,,"https://www.google.com/maps/search/?api=1&query=Lam%20Facial%20Plastics%20-%20Samuel%20M.%20Lam%2C%20MD%2C%20FACS&query_place_id=ChIJV4Kztn0jTIYRmp1npkS94Z0","Plastic surgeon"
"Scott Harris, MD","4.7","65","6020 W Plano Pkwy","Plano","Texas","US","https://www.scottharrismd.com/","(972) 543-2474","Plastic surgeon","Hair replacement service","Hair transplantation clinic","Plastic surgery clinic","Skin care clinic","Surgical center",,,,,"https://www.google.com/maps/search/?api=1&query=Scott%20Harris%2C%20MD&query_place_id=ChIJ87k4kmUiTIYRaI1wEio0nM0","Plastic surgeon"
"LifeSpa","4.9","65","7100 Preston Rd","Plano","Texas","US","https://my.lifetime.life/clubs/tx/plano/services/lifespa.html","(972) 202-8124","Hair salon","Beauty salon","Day spa","Facial spa","Massage spa","Massage therapist","Nail salon","Spa","Waxing hair removal service",,"https://www.google.com/maps/search/?api=1&query=LifeSpa&query_place_id=ChIJwczoBSsjTIYR8hpsvxJOv5U","Hair salon"
"Johnny Rodriguez The Salon","4.8","502","7500 Windrose Ave. b193","Plano","Texas","US","https://www.johnnyrodriguezsalon.com/","(214) 987-1919","Hair salon","Beauty salon","Hair extension technician","Stylist","Hairdresser",,,,,,"https://www.google.com/maps/search/?api=1&query=Johnny%20Rodriguez%20The%20Salon&query_place_id=ChIJ5y1r6E09TIYRPURgvqRvXgU","Hair salon"
"sugaringLA","5","112","5700 Legacy Dr A3","Plano","Texas","US","https://www.sugaringla.com/plano-tx/","(972) 608-3668","Waxing hair removal service","Eyebrow bar","Eyelash salon","Facial spa",,,,,,,"https://www.google.com/maps/search/?api=1&query=sugaringLA&query_place_id=ChIJDb5orS49TIYRAKUs-xXIfl8","Waxing hair removal service"
"Total Med Solutions","4.8","910","6101 Windcom Ct #300","Plano","Texas","US","https://totalmedsolutions.com/","(214) 987-9203","Medical spa","Health spa","Women's health clinic",,,,,,,,"https://www.google.com/maps/search/?api=1&query=Total%20Med%20Solutions&query_place_id=ChIJwdaTIF8jTIYR4AGCX3n8fno","Medical spa"
"Pooyan Rohani, M.D.","5","146","6000 Spring Creek Pkwy","Plano","Texas","US","http://rohanimd.com/","(972) 316-4555","Dermatologist","Surgeon",,,,,,,,,"https://www.google.com/maps/search/?api=1&query=Pooyan%20Rohani%2C%20M.D.&query_place_id=ChIJczyVz1YjTIYRzlhXDoxz6KI","Dermatologist"
"Sugaring NYC - Plano","4.9","246","4025 Preston Rd #606","Plano","Texas","US","https://www.sugaringnyc.com/locations/sugaringnyc-plano-texas/","(972) 378-6599","Waxing hair removal service",,,,,,,,,,"https://www.google.com/maps/search/?api=1&query=Sugaring%20NYC%20-%20Plano&query_place_id=ChIJY1I95CkjTIYRE6ciVCPZg8c","Waxing hair removal service"
"Renue Boutique MedSpa","5","1","5048 Tennyson Pkwy Suite 142","Plano","Texas","US","https://renueboutiquemedspa.com/","(469) 910-0880","Medical spa",,,,,,,,,,"https://www.google.com/maps/search/?api=1&query=Renue%20Boutique%20MedSpa&query_place_id=ChIJqRQpY5YjTIYReFSGKAiTgHc","Medical spa"
"Plano Animal Clinic","4.8","94","3205 Alma Dr #415","Plano","Texas","US","http://www.planoanimalclinic.com/","(972) 422-5116","Veterinarian",,,,,,,,,,"https://www.google.com/maps/search/?api=1&query=Plano%20Animal%20Clinic&query_place_id=ChIJgw6nvlAYTIYRseMlRZVNKf8","Veterinarian"
"Joseph R. Yaker, MD - YAKER Hair Restoration + Med Spa","4.6","141","PARKER PRESTON OFFICE BUILDING, 3242 Preston Rd #160","Plano","Texas","US","https://www.yakermd.com/?utm_source=google&utm_medium=organic&utm_campaign=GMB","(972) 468-8301","Hair transplantation clinic","Medical spa",,,,,,,,,"https://www.google.com/maps/search/?api=1&query=Joseph%20R.%20Yaker%2C%20MD%20-%20YAKER%20Hair%20Restoration%20%2B%20Med%20Spa&query_place_id=ChIJh4oyKGgiTIYR01TjBFD0nK0","Hair transplantation clinic"
"Live Young Wellness Spa - Allen","4.8","21","820 Alma Dr Ste 130","Allen","Texas","US","https://liveyoungspa.com/","(945) 215-7700","Medical spa",,,,,,,,,,"https://www.google.com/maps/search/?api=1&query=Live%20Young%20Wellness%20Spa%20-%20Allen&query_place_id=ChIJwWk5XIAXTIYRwf1Cgo8Thaw","Medical spa"
"Evolve Dermatology","4.9","156","2000 Dallas Pkwy Suite 200","Plano","Texas","US","https://www.evolvederm.com/?utm_source=google&utm_medium=organic&utm_campaign=gbp&utm_term=Evolve-Dermatology-Plano&utm_content=website","(214) 550-4890","Dermatologist","Pediatric dermatologist","Skin care clinic",,,,,,,,"https://www.google.com/maps/search/?api=1&query=Evolve%20Dermatology&query_place_id=ChIJFSbgyWojTIYR0sqPPMrRxh4","Dermatologist"
"OVA Skin Care","5","3","6101 Chapel Hill Blvd","Plano","Texas","US","https://www.ovaskincare.com/","(972) 312-8101","Skin care clinic",,,,,,,,,,"https://www.google.com/maps/search/?api=1&query=OVA%20Skin%20Care&query_place_id=ChIJiyjxs30jTIYRoB0FBIk7xAI","Skin care clinic"
"Beauty Lab by Irina","4.9","72","3645 Dallas Pkwy suite 501 #113","Plano","Texas","US","https://beautylabbyirina.zoca.com/?utm_source=googlemaps&utm_medium=googlemaps&utm_campaign=googlemaps","(786) 604-1991","Facial spa","Beauty salon","Eyebrow bar","Eyelash salon","Skin care clinic","Waxing hair removal service",,,,,"https://www.google.com/maps/search/?api=1&query=Beauty%20Lab%20by%20Irina&query_place_id=ChIJI7_vTe0jTIYRpI_KHvqjAp8","Facial spa"
"Skin Laundry - Plano","4.5","252","5700 Legacy Dr A2","Plano","Texas","US","https://www.skinlaundry.com/locations/plano","(972) 737-9058","Skin care clinic","Facial spa","Hair removal service","Laser hair removal service","Medical spa",,,,,,"https://www.google.com/maps/search/?api=1&query=Skin%20Laundry%20-%20Plano&query_place_id=ChIJpRvTbcA9TIYRrUEIxU6ONJA","Skin care clinic"
"Innovative Dermatology: West Plano Medical Village","4.8","700","5655 W Spring Creek Pkwy Suite 105","Plano","Texas","US","http://www.innovative-dermatology.com/","(214) 919-3500","Dermatologist","Skin care clinic",,,,,,,,,"https://www.google.com/maps/search/?api=1&query=Innovative%20Dermatology%3A%20West%20Plano%20Medical%20Village&query_place_id=ChIJ_UnmgjcjTIYRNEMnwZzzLgQ","Dermatologist"
"RX MD Solutions MedSpa","5","113","5040 Tennyson Pkwy Suite B","Plano","Texas","US","https://www.rxmdsolutions.com/","(972) 200-2019","Medical spa",,,,,,,,,,"https://www.google.com/maps/search/?api=1&query=RX%20MD%20Solutions%20MedSpa&query_place_id=ChIJF8QmPs0jTIYRqYXtRJHNhW8","Medical spa"
"Skin Pharm","5","180","5801 Headquarters Dr suite 920","Plano","Texas","US","https://skinpharm.com/pages/skincare-plano","(214) 548-3575","Skin care clinic","Health and beauty shop","Medical spa",,,,,,,,"https://www.google.com/maps/search/?api=1&query=Skin%20Pharm&query_place_id=ChIJcZWVxaY9TIYRKSMDnriJuiI","Skin care clinic"
"Skin M.D. and Beyond","4.3","43","6517 Preston Rd","Plano","Texas","US","https://www.skinmdandbeyond.com/","(972) 608-0808","Dermatologist","Cosmetics store","Plastic surgery clinic","Skin care clinic","Weight loss service",,,,,,"https://www.google.com/maps/search/?api=1&query=Skin%20M.D.%20and%20Beyond&query_place_id=ChIJ2QFlCCYjTIYRALXrAcSmltU","Dermatologist"
"Down South Sugaring","5","161","3645 Dallas Pkwy suite 501","Plano","Texas","US","http://downsouthsugaring.com/","(972) 815-3418","Hair removal service","Waxing hair removal service",,,,,,,,,"https://www.google.com/maps/search/?api=1&query=Down%20South%20Sugaring&query_place_id=ChIJuXLimmAjTIYR1cMIeGacrEc","Hair removal service"
"WEIMEI MED SPA & ANTI-AGING CENTER","5","63","4666 McDermott Rd STE 200","Plano","Texas","US","https://weimeimedspa.com/","(469) 609-9800","Medical spa","Skin care clinic","Wellness center",,,,,,,,"https://www.google.com/maps/search/?api=1&query=WEIMEI%20MED%20SPA%20%26%20ANTI-AGING%20CENTER&query_place_id=ChIJOYqb4tY9TIYRBtyDAucBHsg","Medical spa"
"Laser Essentials Medical Spa","5","31","1212 Coit Rd # 107","Plano","Texas","US","https://laseressentials.net/","(972) 599-0745","Medical spa",,,,,,,,,,"https://www.google.com/maps/search/?api=1&query=Laser%20Essentials%20Medical%20Spa&query_place_id=ChIJyXfyJN8jTIYRgic3V0ZTfZg","Medical spa"
"McGuiness Dermatology","4.9","2447","6000 W Spring Creek Pkwy Suite 200","Plano","Texas","US","https://mcguinessdermatology.com/","(972) 316-4555","Dermatologist","Plastic surgeon","Wellness center",,,,,,,,"https://www.google.com/maps/search/?api=1&query=McGuiness%20Dermatology&query_place_id=ChIJUTM9KV8jTIYRo1-2073fMiU","Dermatologist"
"Forever Young Skin and Body","4.1","45","3501 Midway Rd #220","Plano","Texas","US","http://foreveryoungskinbody.com/","(469) 535-1574","Skin care clinic",,,,,,,,,,"https://www.google.com/maps/search/?api=1&query=Forever%20Young%20Skin%20and%20Body&query_place_id=ChIJ41XP1p4kTIYRv-jsZVozLVU","Skin care clinic"
"Skin Theory LLC","5","65","6833 Coit Rd # 102","Plano","Texas","US","http://skintheoryllc.com/","(469) 456-7548","Skin care clinic","Cosmetics store","Facial spa",,,,,,,,"https://www.google.com/maps/search/?api=1&query=Skin%20Theory%20LLC&query_place_id=ChIJbdrfQ7UZTIYRuWskko-okTE","Skin care clinic"
"Roz Laser & MedSpa","5","27","3921 W Park Blvd Ste 150","Plano","Texas","US","https://www.rozlasermedspa.com/","(469) 514-7991","Medical spa",,,,,,,,,,"https://www.google.com/maps/search/?api=1&query=Roz%20Laser%20%26%20MedSpa&query_place_id=ChIJC0epLlgjTIYR_nkShXM7Z_U","Medical spa"
"Original Skin","4.9","56","6101 Chapel Hill Blvd STE 201","Plano","Texas","US","https://originalskindfw.com/","(469) 809-2699","Medical spa","Skin care clinic",,,,,,,,,"https://www.google.com/maps/search/?api=1&query=Original%20Skin&query_place_id=ChIJ4SUAnCEjTIYRkia96qbIyvE","Medical spa"
"Radiant Refine Medspa","4.9","41","3604 Preston Rd Suite 200","Plano","Texas","US","https://www.radiantrefinespa.com/","(945) 387-5171","Medical spa",,,,,,,,,,"https://www.google.com/maps/search/?api=1&query=Radiant%20Refine%20Medspa&query_place_id=ChIJAzB4eBAjTIYRUEFk0mBalPo","Medical spa"
"Next Level Med Solutions","5","29","3300 Dallas Pkwy Suite 110","Plano","Texas","US","https://www.nextlevelmedsolutions.com/","(972) 378-7657","Medical spa","Facial spa","Health and beauty shop","IV therapy service","Laser hair removal service","Skin care clinic","Spa","Weight loss service",,,"https://www.google.com/maps/search/?api=1&query=Next%20Level%20Med%20Solutions&query_place_id=ChIJo8Pt3mYjTIYRc3CJgFM7lwo","Medical spa"
"Diamond Shine Skin Lounge","5","24","4909 W Park Blvd Suite 12","Plano","Texas","US","https://www.diamondshineskinlounge.com/","(469) 363-6600","Skin care clinic",,,,,,,,,,"https://www.google.com/maps/search/?api=1&query=Diamond%20Shine%20Skin%20Lounge&query_place_id=ChIJlRu_-m0jTIYR7SnzaUkjuxE","Skin care clinic"
"Wellness at the Spa","5","125","6529 W Plano Pkwy Ste B","Plano","Texas","US","https://wellnessatthespa.com/","(214) 489-7757","Medical spa",,,,,,,,,,"https://www.google.com/maps/search/?api=1&query=Wellness%20at%20the%20Spa&query_place_id=ChIJTcCgo10hTIYR5Dt-0TCMZnI","Medical spa"
"Trissa Connors, MD, FAAD","4.9","178","2000 Dallas Pkwy Suite 200","Plano","Texas","US","https://www.evolvederm.com/","(214) 550-4890","Dermatologist",,,,,,,,,,"https://www.google.com/maps/search/?api=1&query=Trissa%20Connors%2C%20MD%2C%20FAAD&query_place_id=ChIJtTllSGsjQYYRThLJaA3Bkgs","Dermatologist"
"Village Aesthetics","4.8","22","5425 W Spring Creek Pkwy #210","Plano","Texas","US","https://villageaesthetics.com/","(972) 433-5077","Medical spa","Hair removal service","Skin care clinic",,,,,,,,"https://www.google.com/maps/search/?api=1&query=Village%20Aesthetics&query_place_id=ChIJCfQf1_sjTIYRNkhbkQPbb1g","Medical spa"
"Dermaesthetics...by Alexandra","5","1","8308 Preston Rd Ste 200 Rm 236","Plano","Texas","US","http://www.derma.services/","(972) 816-5200","Skin care clinic",,,,,,,,,,"https://www.google.com/maps/search/?api=1&query=Dermaesthetics...by%20Alexandra&query_place_id=ChIJEQaT71M9TIYRKdT3FnNrFJo","Skin care clinic"
"Herzog Vitality Center","4.9","117","1820 Preston Park Blvd #1600","Plano","Texas","US","https://herzogvitalitycenter.com/","(972) 833-6200","Wellness center","Health consultant","Health counselor",,,,,,,,"https://www.google.com/maps/search/?api=1&query=Herzog%20Vitality%20Center&query_place_id=ChIJweTBmp4kTIYRErmF-7FregY","Wellness center"
"Tiffany Ho, MD - Oculoplastic Surgeon","5","15","1708 Coit Rd #200","Plano","Texas","US","https://oatexas.com/","(214) 369-0555","Ophthalmology clinic",,,,,,,,,,"https://www.google.com/maps/search/?api=1&query=Tiffany%20Ho%2C%20MD%20-%20Oculoplastic%20Surgeon&query_place_id=ChIJn_QOVvAjTIYRht9TKon485A","Ophthalmology clinic"
"Daniela Bell Makeup Studio","4.9","167","1921 Preston Rd suite 2066 room 145","Plano","Texas","US","https://www.danielabellbeauty.com/","(469) 714-5781","Permanent make-up clinic","Beauty school","Hair salon","Make-up artist",,,,,,,"https://www.google.com/maps/search/?api=1&query=Daniela%20Bell%20Makeup%20Studio&query_place_id=ChIJ9Y3pKqojTIYRjJDqTbCJxt8","Permanent make-up clinic"
"West Plano Dry Eye & Aesthetics","5","53","4020 W Plano Pkwy","Plano","Texas","US","http://westplanodryeye.com/","(469) 999-2747","Medical spa","Eye care center",,,,,,,,,"https://www.google.com/maps/search/?api=1&query=West%20Plano%20Dry%20Eye%20%26%20Aesthetics&query_place_id=ChIJ-SrhibQlTIYRNUzeXpZXlww","Medical spa"
"Express Health Systems","4.8","459","230 W Parker Rd suite 210a","Plano","Texas","US","https://www.expresshealthsystems.com/","(469) 786-1751","Weight loss service","Walk-in clinic",,,,,,,,,"https://www.google.com/maps/search/?api=1&query=Express%20Health%20Systems&query_place_id=ChIJNQ4kYlMYTIYRkN0KEQtaKqA","Weight loss service"
"Dr. Nuzhat Ahmed","4.3","38","9925 Gillespie Dr ste 3400","Plano","Texas","US","http://www.cpcfrisco.com/","(214) 383-0001","Internist",,,,,,,,,,"https://www.google.com/maps/search/?api=1&query=Dr.%20Nuzhat%20Ahmed&query_place_id=ChIJT_xWfIA9TIYR7_GfMC6RJoo","Internist"
"Esthetic Image Dentistry","4.9","105","4708 W Plano Pkwy STE 100","Plano","Texas","US","http://www.estheticimagedentistry.com/","(972) 612-8388","Dentist","Cosmetic dentist","Dental implants provider",,,,,,,,"https://www.google.com/maps/search/?api=1&query=Esthetic%20Image%20Dentistry&query_place_id=ChIJdbZ4PE0iTIYRKg2Fb7Nwgkc","Dentist"
"Plano Plastic Surgery","4.8","161","4100 W 15th St STE 106","Plano","Texas","US","https://dryaker.com/?utm_source=google&utm_medium=localsearch&utm_campaign=gmb","(972) 985-7474","Plastic surgeon","Surgeon",,,,,,,,,"https://www.google.com/maps/search/?api=1&query=Plano%20Plastic%20Surgery&query_place_id=ChIJ238AKWgiTIYRX2FFOOfE3xs","Plastic surgeon"
"Lavande Face & Body","5","30","8308 Preston Rd #211","Plano","Texas","US","http://www.lavandefaceandbody.com/","(972) 768-4256","Skin care clinic","Waxing hair removal service",,,,,,,,,"https://www.google.com/maps/search/?api=1&query=Lavande%20Face%20%26%20Body&query_place_id=ChIJJUAZRsM8TIYRlzPqFO5qLR4","Skin care clinic"
"Parsha Forouzan, MD","5","275","9955 Gillespie Dr Suite 100","Plano","Texas","US","https://www.brookseyemd.com/dr-parsha-forouzan-ophthalmologist/?utm_source=Google&utm_medium=GBP&utm_id=Provider","(972) 403-1110","Ophthalmologist",,,,,,,,,,"https://www.google.com/maps/search/?api=1&query=Parsha%20Forouzan%2C%20MD&query_place_id=ChIJ-fLFuqM9TIYRQW9mZLOLN84","Ophthalmologist"
"NeoWell","4.8","158","8200 Preston Rd Suite 100","Plano","Texas","US","https://neowell.com/","(972) 746-8887","Training center","Medical spa","Wellness center",,,,,,,,"https://www.google.com/maps/search/?api=1&query=NeoWell&query_place_id=ChIJiVLhx_A9TIYRnO-kL5Rejag","Training center"
"Dr. Patty K. Young, MD","4.2","41","4104 W 15th St STE 200","Plano","Texas","US","http://www.premierplasticsurgeryoftexas.com/","(972) 398-1131","Plastic surgeon",,,,,,,,,,"https://www.google.com/maps/search/?api=1&query=Dr.%20Patty%20K.%20Young%2C%20MD&query_place_id=ChIJcSBckUIiTIYREYoAFyS8Fr8","Plastic surgeon"
"Aesthetician Nasrin","4.4","58","Inside Legacy Salons, 4140 Legacy Dr Suite 9","Plano","Texas","US","https://aesthetician-nasrin.com/","(214) 289-1280","Laser hair removal service","Day spa",,,,,,,,,"https://www.google.com/maps/search/?api=1&query=Aesthetician%20Nasrin&query_place_id=ChIJa215EyIjTIYR9Wyr4fnvsSI","Laser hair removal service"
"Sophia Rahman, MD- Primary Care, Weight Management & Aesthetics","4.6","109","1212 Coit Rd #105","Plano","Texas","US","https://www.sophiarahmanmd.com/","(972) 782-2811","Doctor","General practitioner","Hair replacement service","Health consultant","Internist","Medical Center","Medical clinic","Medical spa","Women's health clinic","Skin care clinic","https://www.google.com/maps/search/?api=1&query=Sophia%20Rahman%2C%20MD-%20Primary%20Care%2C%20Weight%20Management%20%26%20Aesthetics&query_place_id=ChIJ03RUVAwnTIYRgGLZqweKu1A","Doctor"
"Premier Plastic Surgery Center Tx","5","6","4104 W 15th St","Plano","Texas","US","https://www.premierplasticsurgeryoftexas.com/","(972) 398-1131","Plastic surgeon",,,,,,,,,,"https://www.google.com/maps/search/?api=1&query=Premier%20Plastic%20Surgery%20Center%20Tx&query_place_id=ChIJcSBckUIiTIYRztK8XFYwAVM","Plastic surgeon"
"RUMI Aesthetics","4.7","69","3465 National Dr Suite 105","Plano","Texas","US","http://www.rumiaesthetics.com/","(214) 894-4533","Medical spa","Facial spa","Medical clinic","Skin care clinic","Spa","Weight loss service",,,,,"https://www.google.com/maps/search/?api=1&query=RUMI%20Aesthetics&query_place_id=ChIJCTOJVhA9TIYRQDScEjNxP-Y","Medical spa"
"Women's Health Boutique","4.7","73","3115 W Parker Rd #270","Plano","Texas","US","http://www.mywhb.com/","(972) 985-4477","Medical supply store","Maternity store","Orthotics & prosthetics service","Wig shop",,,,,,,"https://www.google.com/maps/search/?api=1&query=Women's%20Health%20Boutique&query_place_id=ChIJbaRuUoMiTIYRPU683t_rFhg","Medical supply store"
"Belleza Colombiana","4.8","378","6101 Chapel Hill Blvd Suite 104","Plano","Texas","US","https://bellezacolombianaspa.com/?utm_source=GMBlisting&utm_medium=organic&utm_campaign=gmb","(469) 316-4055","Lymph drainage therapist","Massage spa","Massage therapist","Medical spa","Weight loss service","Wellness center",,,,,"https://www.google.com/maps/search/?api=1&query=Belleza%20Colombiana&query_place_id=ChIJY2_i7xIjTIYRxQPSaO7MPqM","Lymph drainage therapist"
"Advanced Surgical Arts","4.8","36","5508 W Plano Pkwy #200","Plano","Texas","US","https://advsurgicalarts.com/","(972) 612-1900","Medical spa","Cosmetic surgeon","Facial spa","Hair replacement service","Laser hair removal service","Medical clinic","Medical office","Skin care clinic","Surgeon","Vascular surgeon","https://www.google.com/maps/search/?api=1&query=Advanced%20Surgical%20Arts&query_place_id=ChIJ238AKWgiTIYRNm38ESdcDJY","Medical spa"
"Sada Cosmetic NP Med Spa/Botox & Filler Plano","5","54","7800 Preston Rd # 145","Plano","Texas","US","http://www.sadamedspa.com/","(214) 207-4649","Medical spa",,,,,,,,,,"https://www.google.com/maps/search/?api=1&query=Sada%20Cosmetic%20NP%20Med%20Spa%2FBotox%20%26%20Filler%20Plano&query_place_id=ChIJNZ1E5DofTIYRZNx8BmRkQUw","Medical spa"
"Atlas Cosmetic & Family Dentistry of Plano","4.9","293","909 W Spring Creek Pkwy Ste 490","Plano","Texas","US","https://www.atlasdentistryplano.com/","(469) 367-0266","Dentist","Cosmetic dentist","Dental clinic","Dental implants provider","Emergency dental service","Pediatric dentist",,,,,"https://www.google.com/maps/search/?api=1&query=Atlas%20Cosmetic%20%26%20Family%20Dentistry%20of%20Plano&query_place_id=ChIJrTN68lwZTIYRp0mrgK2M7Qw","Dentist"
"LaserAway Plano","5","31","1900 Preston Rd #203","Plano","Texas","US","https://www.laseraway.com/locations/tx/plano/?utm_source=google&utm_medium=organic&utm_campaign=website-link","(972) 725-4245","Laser hair removal service","Hair removal service","Health and beauty shop","Medical spa","Skin care clinic","Tattoo removal service",,,,,"https://www.google.com/maps/search/?api=1&query=LaserAway%20Plano&query_place_id=ChIJvb-wIbwjTIYR71RwfvKG7aQ","Laser hair removal service"
"Stewart Center for Plastic Surgery and Hand","5","38","6130 W Parker Rd #110","Plano","Texas","US","https://stewartcenterdallas.com/","(972) 761-5464","Plastic surgeon","Hand surgeon",,,,,,,,,"https://www.google.com/maps/search/?api=1&query=Stewart%20Center%20for%20Plastic%20Surgery%20and%20Hand&query_place_id=ChIJmVgwEk4lTIYRmQcRZVo7t_0","Plastic surgeon"
"Dallas Associated Dermatologists","4.9","3042","7000 Preston Rd Suite #500","Plano","Texas","US","https://dallasassocderm.com/?utm_source=gbp&utm_medium=organic&utm_campaign=website_link&y_source=1_NjYyNDA0OTUtNzE1LWxvY2F0aW9uLndlYnNpdGU%3D","(214) 987-3376","Dermatologist","Skin care clinic",,,,,,,,,"https://www.google.com/maps/search/?api=1&query=Dallas%20Associated%20Dermatologists&query_place_id=ChIJgQ_QHCsjTIYRx-Lu2FI-Hf8","Dermatologist"
"InjectCo MedSpa Plano","4.9","80","Inside of Phenix Suites of Willow Bend, 5964 W Parker Rd Suite 107","Plano","Texas","US","https://injectco.com/services/med-spa-plano-tx/?utm_source=google&utm_medium=organic&utm_campaign=gbp-plano","(972) 430-9297","Medical spa","Facial spa","Hair replacement service","Men's health physician","Women's health clinic","Skin care clinic","Weight loss service","Wellness center",,,"https://www.google.com/maps/search/?api=1&query=InjectCo%20MedSpa%20Plano&query_place_id=ChIJr6p6KFQjTIYRu1N9Gw-6hO0","Medical spa"
"Rebecca Christian RN","5","10","5904 Chapel Hill Blvd STE 103","Plano","Texas","US","https://rebeccanosebest.com/","(903) 445-0616","Skin care clinic",,,,,,,,,,"https://www.google.com/maps/search/?api=1&query=Rebecca%20Christian%20RN&query_place_id=ChIJDTFwTHQjTIYR27rMS9EdOEI","Skin care clinic"
"LC Luxury Salon","4.7","28","3645 Dallas Pkwy #535","Plano","Texas","US","https://lcluxurysalon.com/","(972) 608-9922","Hair salon","Beauty salon","Hair extension technician",,,,,,,,"https://www.google.com/maps/search/?api=1&query=LC%20Luxury%20Salon&query_place_id=ChIJuXLimmAjTIYRrtPd4DvwvGY","Hair salon"
"360 Body Med Spa","5","24","3013 W Spring Creek Pkwy Suite 400 Room 1","Plano","Texas","US","https://rashaqudadeh.glossgenius.com/","(210) 849-6087","Medical spa",,,,,,,,,,"https://www.google.com/maps/search/?api=1&query=360%20Body%20Med%20Spa&query_place_id=ChIJzSQbGzQ9TIYR-hfrSL6-eaU","Medical spa"
"Aesthetic Collective Plano","5","114","7800 Dallas Pkwy #100","Plano","Texas","US","http://www.ac-plano.com/","(469) 829-2975","Medical spa",,,,,,,,,,"https://www.google.com/maps/search/?api=1&query=Aesthetic%20Collective%20Plano&query_place_id=ChIJk5TsklQ9TIYRswr4u3qnXd0","Medical spa"
"Elase - Plano","4","4","7501 Lone Star Dr B140","Plano","Texas","US","https://elase.com/locations/plano/?utm_source=gmb&utm_medium=organic&utm_campaign=Plano","(972) 944-8839","Medical spa",,,,,,,,,,"https://www.google.com/maps/search/?api=1&query=Elase%20-%20Plano&query_place_id=ChIJq42f7Hk9TIYR3Y5RoglP1PU","Medical spa"
"Advanced Veterinary Care of Plano","4.9","183","3013 Spring Creek Pkwy #700","Plano","Texas","US","https://www.advancedvetcare.com/","(972) 618-0301","Animal hospital","Veterinarian",,,,,,,,,"https://www.google.com/maps/search/?api=1&query=Advanced%20Veterinary%20Care%20of%20Plano&query_place_id=ChIJE6Ot36AiTIYR4fEm86vHjKE","Animal hospital"
"Doohi Lee, MD","4.5","24","5508 W Plano Pkwy #200","Plano","Texas","US","https://www.advsurgicalarts.com/","(972) 612-1900","Plastic surgeon","Doctor",,,,,,,,,"https://www.google.com/maps/search/?api=1&query=Doohi%20Lee%2C%20MD&query_place_id=ChIJ70nr_QMjTIYRZbCRboov6b4","Plastic surgeon"
"Ma'Belle Medspa Plano. Most affordable Semaglutide","5","7","6101 Windhaven Pkwy Suite 150 Room 12","Plano","Texas","US","https://www.mabellemedspa.com/services-plano?utm_source=google&utm_medium=wix_google_business_profile&utm_campaign=1557388696488243239","(469) 999-6393","Medical spa","Laser hair removal service","Skin care clinic","Weight loss service",,,,,,,"https://www.google.com/maps/search/?api=1&query=Ma'Belle%20Medspa%20Plano.%20Most%20affordable%20Semaglutide&query_place_id=ChIJLWv1laYjTIYRjAWSI-90hys","Medical spa"
"U Med Spa","4.9","1165","5717 Legacy Dr Suite 170","Plano","Texas","US","https://umedspa.com/","(972) 636-6299","Medical spa","Facial spa",,,,,,,,,"https://www.google.com/maps/search/?api=1&query=U%20Med%20Spa&query_place_id=ChIJz-wOVbE8TIYROmo0LS8t3Ms","Medical spa"
"Brobst Facial Plastic Surgery and Aesthetics - Robert Brobst, M.D.","4.8","139","4800 Hedgcoxe Rd #250","Plano","Texas","US","http://drbrobst.com/?utm_source=google&utm_medium=organic&utm_campaign=gbp","(972) 618-2212","Plastic surgeon","Medical spa","Otolaryngologist",,,,,,,,"https://www.google.com/maps/search/?api=1&query=Brobst%20Facial%20Plastic%20Surgery%20and%20Aesthetics%20-%20Robert%20Brobst%2C%20M.D.&query_place_id=ChIJpb_sK9c8TIYRiLAKdBvzCt4","Plastic surgeon"
"Skinnovations","5","8","6100 Windhaven Pkwy","Plano","Texas","US","http://planoskinnovations.com/","(214) 615-7866","Skin care clinic","Medical spa",,,,,,,,,"https://www.google.com/maps/search/?api=1&query=Skinnovations&query_place_id=ChIJSQjTLl8jTIYRNOAjqHsC4t8","Skin care clinic"
"Seoul Glow Studio","5","17","4017 Preston Rd #525","Plano","Texas","US","http://salonlume.glossgenius.com/","(469) 209-5881","Facial spa","Skin care clinic",,,,,,,,,"https://www.google.com/maps/search/?api=1&query=Seoul%20Glow%20Studio&query_place_id=ChIJU5NXj6AjTIYREolzLZud0u4","Facial spa"
"U.S. Dermatology Partners Plano","4.8","3263","5030 Tennyson Pkwy #100","Plano","Texas","US","https://www.usdermatologypartners.com/locations/texas/plano/5030-tennyson-pkwy-ste-100/","(972) 985-9003","Dermatologist","Medical group","Skin care clinic",,,,,,,,"https://www.google.com/maps/search/?api=1&query=U.S.%20Dermatology%20Partners%20Plano&query_place_id=ChIJO-boZy8jTIYRi4NG0yVkuHk","Dermatologist"
"Clear Allergy & Immunology","4.2","21","5904 Chapel Hill Blvd STE 103","Plano","Texas","US","http://planoallergydoctor.com/","(972) 473-2532","Medical clinic","Allergist",,,,,,,,,"https://www.google.com/maps/search/?api=1&query=Clear%20Allergy%20%26%20Immunology&query_place_id=ChIJzSRfunsjTIYRohHw0mBZLhk","Medical clinic"
"Skinique Med Spa & Wellness","4.7","19","6200 Preston Rd #300","Plano","Texas","US","http://www.skiniquemedspa.com/","(469) 209-4707","Medical spa",,,,,,,,,,"https://www.google.com/maps/search/?api=1&query=Skinique%20Med%20Spa%20%26%20Wellness&query_place_id=ChIJA8j9mD4jTIYRXnZvU3trdpA","Medical spa"
"B Whole Aesthetics and Wellness","4.8","48","6833 Coit Rd","Plano","Texas","US","http://www.bwholeaesthetics.com/","(214) 643-8048","Wellness center","Medical clinic","Medical spa","Weight loss service",,,,,,,"https://www.google.com/maps/search/?api=1&query=B%20Whole%20Aesthetics%20and%20Wellness&query_place_id=ChIJu19FSi4jTIYR9FuPLEdS_m8","Wellness center"
"Solēre Aesthetics","5","48","8240 Preston Rd Suite 200","Plano","Texas","US","https://mysolere.com/","(281) 669-0669","Medical spa",,,,,,,,,,"https://www.google.com/maps/search/?api=1&query=Sol%C4%93re%20Aesthetics&query_place_id=ChIJWVMReyU9TIYRZT1DxSGrcss","Medical spa"
"VIVA Medspa","4.9","55","5880 Ashmill Dr Ste 250","Plano","Texas","US","https://www.vivamedspa.com/","(972) 378-3870","Medical spa","Facial spa","IV therapy service","Laser hair removal service","Skin care clinic",,,,,,"https://www.google.com/maps/search/?api=1&query=VIVA%20Medspa&query_place_id=ChIJ8YRIDbA8TIYRc6FTJD8t5fo","Medical spa"
"Shimaa Beauty Center","5","43","3921 W Park Blvd Ste 150","Plano","Texas","US","https://shimaabeautycenter.com/","(817) 210-5085","Medical spa","Facial spa","Laser hair removal service","Skin care clinic",,,,,,,"https://www.google.com/maps/search/?api=1&query=Shimaa%20Beauty%20Center&query_place_id=ChIJWcicEGIjTIYRy_KXsLMN6HA","Medical spa"
"Skintastic Med Spa","5","27","6020 W Parker Rd Suite 430","Plano","Texas","US","https://www.skintastic.com/","(972) 535-6000","Medical spa",,,,,,,,,,"https://www.google.com/maps/search/?api=1&query=Skintastic%20Med%20Spa&query_place_id=ChIJ6dtgM1UjTIYROB0KxCPP8y0","Medical spa"
"Bader Facial Plastics","4.7","182","3310 Dallas Pkwy Suite 201","Plano","Texas","US","http://www.baderfacialplastics.com/?utm_source=gbp&utm_medium=organic&utm_campaign=localsearch","(214) 501-2021","Plastic surgeon",,,,,,,,,,"https://www.google.com/maps/search/?api=1&query=Bader%20Facial%20Plastics&query_place_id=ChIJueouR2YiTIYR4dkzZ74NmwA","Plastic surgeon"
"Angelic Skin Aesthetics, LLC","5","48","8105 Rasor Boulevard Suite 240","Plano","Texas","US","http://www.skinangelic.com/","(214) 498-9817","Facial spa",,,,,,,,,,"https://www.google.com/maps/search/?api=1&query=Angelic%20Skin%20Aesthetics%2C%20LLC&query_place_id=ChIJL6gF4qg9TIYRdlfzPDW9f1A","Facial spa"
"Uplift Medspa Health & Wellness","5","144","5136 Village Creek Dr #502","Plano","Texas","US","http://upliftmedspa.com/","(972) 665-8664","Medical spa",,,,,,,,,,"https://www.google.com/maps/search/?api=1&query=Uplift%20Medspa%20Health%20%26%20Wellness&query_place_id=ChIJOaosxx0hTIYRwgghz8vKkVQ","Medical spa"
"Rose Aesthetics","4.8","16","8100 Dallas Pkwy Ste 211","Plano","Texas","US","http://roseaesthetics.co/","(214) 522-7870","Medical spa",,,,,,,,,,"https://www.google.com/maps/search/?api=1&query=Rose%20Aesthetics&query_place_id=ChIJWb_J1vI9TIYRU1fgk7y2hDw","Medical spa"
"Timeless Beauty By Renee","4.6","67","6217 Chapel Hill Blvd STE 200","Plano","Texas","US","http://www.beautybyrenee.com/","(214) 674-0802","Permanent make-up clinic",,,,,,,,,,"https://www.google.com/maps/search/?api=1&query=Timeless%20Beauty%20By%20Renee&query_place_id=ChIJYwi4-IEkTIYRJ5EKP7YPXSI","Permanent make-up clinic"
"Winks Lash Lounge and Spa/ Delaney Salon Suites","4.7","13","4709 W Parker Rd #114","Plano","Texas","US","http://winkslashloungeandspa.com/","(972) 638-9657","Beauty salon",,,,,,,,,,"https://www.google.com/maps/search/?api=1&query=Winks%20Lash%20Lounge%20and%20Spa%2F%20Delaney%20Salon%20Suites&query_place_id=ChIJo_lR-eIiTIYRwZtLM3cPrjw","Beauty salon"
"vie d'élite med spa | Plano TX","4.9","31","5945 Dallas Pkwy","Plano","Texas","US","https://www.viedelite.com/?utm_campaign=gmb","(945) 899-0001","Medical spa",,,,,,,,,,"https://www.google.com/maps/search/?api=1&query=vie%20d'%C3%A9lite%20med%20spa%20%7C%20Plano%20TX&query_place_id=ChIJEz0Q5usjTIYRrnXWf9ZDcWI","Medical spa"
