email,decision_maker_name,title,company,website,phone,city,state,country,google_maps_url,lead_score,email_source_url,smtp_status
oym@marclub.com,,,Punta Blanca,http://www.puntablanca.com/,+593 4-228-4050,Guayaquil,,EC,https://www.google.com/maps/search/?api=1&query=Punta%20Blanca&query_place_id=ChIJXWzAJJVtLZARBpw36YQt1R0,75,http://www.puntablanca.com/,250 OK
centralbodega@icloud.com,,,InmobilIaria Caracol,http://www.inmobiliariacaracol.com/,+593 99 229 0830,Guayaquil,,EC,https://www.google.com/maps/search/?api=1&query=InmobilIaria%20Caracol&query_place_id=ChIJoTKNst5zLZAR9buy6XfUFP8,75,http://www.inmobiliariacaracol.com/,250 OK
freddylopez@c21elite.com.ec,,,Beth Parrales Bienes Raices,https://century21.com.ec/asesor/19_beth-parrales-giler,+593 93 916 9791,Guayaquil,,EC,https://www.google.com/maps/search/?api=1&query=Beth%20Parrales%20Bienes%20Raices&query_place_id=ChIJWeuQ2RVtLZARsnuVr3-bpIA,75,https://century21.com.ec/asesor/19_beth-parrales-giler/contact,250 OK
marcogarzon@c21elite.com.ec,,,Beth Parrales Bienes Raices,https://century21.com.ec/asesor/19_beth-parrales-giler,+593 93 916 9791,Guayaquil,,EC,https://www.google.com/maps/search/?api=1&query=Beth%20Parrales%20Bienes%20Raices&query_place_id=ChIJWeuQ2RVtLZARsnuVr3-bpIA,75,https://century21.com.ec/asesor/19_beth-parrales-giler/contact,250 OK
servicio@r3pcnet.net,,,R3PCNET SALA DE CAPACITACIONES,http://www.r3pcnet.net/,+593 98 055 5080,Guayaquil,,EC,https://www.google.com/maps/search/?api=1&query=R3PCNET%20SALA%20DE%20CAPACITACIONES&query_place_id=ChIJHWCeCx9tLZARdH4JXd_0twk,75,http://www.r3pcnet.net/,250 OK
bundler=rspack@1.6.6,,,Terranostra,https://www.terranostra.com.ec/,+593 97 983 5680,Guayaquil,,EC,https://www.google.com/maps/search/?api=1&query=Terranostra&query_place_id=ChIJdZiG8gFzLZARoYBK9jMMc1o,75,https://www.terranostra.com.ec/contacto,250 OK
contacto@proyecta.ec,,,Urbanización Alba Del Bosque,https://albadelbosque.com.ec/,+593 99 006 0300,Guayaquil,,EC,https://www.google.com/maps/search/?api=1&query=Urbanizaci%C3%B3n%20Alba%20Del%20Bosque&query_place_id=ChIJF-IwTN51LZAR9QwG0TuHiK4,75,https://albadelbosque.com.ec/,250 OK
nombre@mail.com,,,VILLA BONITA (MI LOTE) JUAN JOSÉ DEL POZO,http://www.plusvalia.com/,+593 99 871 4870,Daule,,EC,https://www.google.com/maps/search/?api=1&query=VILLA%20BONITA%20(MI%20LOTE)%20JUAN%20JOS%C3%89%20DEL%20POZO&query_place_id=ChIJ7Vxzkk8MLZARlusLfLpvd6w,75,http://www.plusvalia.com/contacto,250 OK
apartments.praga@gmail.com,,,PRAGA APARTMENTS,https://www.instagram.com/praga.apartments/?hl=en,+593 95 953 4489,Guayaquil,,EC,https://www.google.com/maps/search/?api=1&query=PRAGA%20APARTMENTS&query_place_id=ChIJsywC6JJtLZARloxz3-6DbUE,95,,250 OK
