email,firstName,companyName,website,phone,city,state,source_url
contact@renewbeautymedspa.com,,Renew Beauty,https://www.renewbeautymedspa.com/,(214) 369-1600,Dallas,TX,https://www.google.com/maps/search/?api=1&query=Renew%20Beauty&query_place_id=ChIJbyg4-76fToYR7yQNSxt9gY4
info@upkeepmedspa.com,,UPKEEP Med Spa,https://www.upkeepmedspa.com/,(833) 875-3377,Dallas,Texas,https://www.google.com/maps/search/?api=1&query=UPKEEP%20Med%20Spa&query_place_id=ChIJAR_dnRWfToYR5ElZ5LxdzTg
uptown@marasmedspa.com,,Mara's Med Spa,https://www.marasmedspa.com/,(469) 730-3333,Dallas,Texas,https://www.google.com/maps/search/?api=1&query=Mara's%20Med%20Spa&query_place_id=ChIJVTgC-i-ZToYRnhM8bs_V0V8
concierge@nakedmd.com,,NakedMD Med Spa Dallas,https://www.nakedmd.com/pages/med-spa-dallas-tx,(972) 587-0608,Dallas,Texas,https://www.google.com/maps/search/?api=1&query=NakedMD%20Med%20Spa%20Dallas&query_place_id=ChIJj2R7CNAhTIYR-jVvd4jqwYQ
booking@thebrowproject.com,,The Brow Project,http://www.thebrowproject.com/,(945) 221-6806,Dallas,Texas,https://www.google.com/maps/search/?api=1&query=The%20Brow%20Project&query_place_id=ChIJa_k-9_ShToYRu7GmwIQSJg8
info@dermanimedspa.com,,dermani MEDSPA® Preston Hollow,https://dermanimedspa.com/preston-hollow-dallas-tx/,(214) 753-8650,Dallas,Texas,https://www.google.com/maps/search/?api=1&query=dermani%20MEDSPA%C2%AE%20Preston%20Hollow&query_place_id=ChIJUzNtjKAhTIYR4lJfyfUomfQ
stacyv@hydrateivbar.com,,Hydrate IV Bar Mockingbird,https://hydrateivbar.com/locations/dallas-mockingbird/?utm_campaign=gmb,(214) 647-1149,Dallas,Texas,https://www.google.com/maps/search/?api=1&query=Hydrate%20IV%20Bar%20Mockingbird&query_place_id=ChIJ_02SMnSfToYRo3DOC8rJJnY
info@ra-tx.com,,ReGen & Aesthetics Concierge of Texas,https://ra-tx.com/,(214) 500-4540,Dallas,Texas,https://www.google.com/maps/search/?api=1&query=ReGen%20%26%20Aesthetics%20Concierge%20of%20Texas&query_place_id=ChIJ7zGnaAKfToYRo_nUlQXx8jc
customerservice@charettecosmetics.com,,Charette Cosmetics,https://charettecosmetics.com/dallas/?utm_source=google&utm_medium=organic&utm_campaign=GBPDallas,(945) 212-3170,Dallas,Texas,https://www.google.com/maps/search/?api=1&query=Charette%20Cosmetics&query_place_id=ChIJwWOSCHWfToYRdTgGMTUvc88
marie@skinspamed.com,,SkinSpaMED,http://skinspamed.com/,(972) 392-3895,Dallas,Texas,https://www.google.com/maps/search/?api=1&query=SkinSpaMED&query_place_id=ChIJw2ZFgt4gTIYRESSpN1nY-2I
info@denovomg.com,,deNovo Health and Aesthetics,http://denovomg.com/,(214) 219-4100,Dallas,Texas,https://www.google.com/maps/search/?api=1&query=deNovo%20Health%20and%20Aesthetics&query_place_id=ChIJ-dDtm8qeToYRzBlSPi91XMg
salilgandhi@gmail.com,,Rejuve Med Spa,https://www.rejuvemedspa.com/?utm_source=google&utm_medium=organic&utm_campaign=gbp,(972) 265-1590,Dallas,Texas,https://www.google.com/maps/search/?api=1&query=Rejuve%20Med%20Spa&query_place_id=ChIJrTEvDMwjTIYRD16bpXaOzH8
info@unicornmedspa.com,,Unicorn MedSpa,http://www.unicornmedspa.com/,(214) 919-3055,Dallas,Texas,https://www.google.com/maps/search/?api=1&query=Unicorn%20MedSpa&query_place_id=ChIJa7NV2NGZToYR1iFNR_gVwS0
frontdesktx025@restore.com,,Restore Hyper Wellness,https://www.restore.com/locations/tx-dallas-west-village-tx025?utm_source=gmb&utm_medium=Yext&y_source=1_MzY0MTg4OTctNzE1LWxvY2F0aW9uLndlYnNpdGU=,(214) 561-8857,Dallas,Texas,https://www.google.com/maps/search/?api=1&query=Restore%20Hyper%20Wellness&query_place_id=ChIJyz-MzCyfToYRz2m1r1SYFYg
hello@skinpharm.com,,Skin Pharm,https://skinpharm.com/,(972) 400-2866,Dallas,Texas,https://www.google.com/maps/search/?api=1&query=Skin%20Pharm&query_place_id=ChIJJ7VKz7afToYR_0cvcqrEF4A
help@ovme.com,,OVME,https://ovme.com/pages/turtle-creek-dallas-tx,(972) 402-6863,Dallas,Texas,https://www.google.com/maps/search/?api=1&query=OVME&query_place_id=ChIJW8NOn-mfToYRou8QHdl_Iu8
info@aurum.health,,Aurum Health,http://www.aurumhealth.com/,(214) 865-7800,Dallas,Texas,https://www.google.com/maps/search/?api=1&query=Aurum%20Health&query_place_id=ChIJD8LET6GZToYRSleYd2kkdPw
admin@starrejuvenation.com,,Star Rejuvenation & Wellness Center,https://www.starrejuvenation.com/?utm_source=google&utm_medium=organic&utm_campaign=gbp,(469) 391-0569,Addison,Texas,https://www.google.com/maps/search/?api=1&query=Star%20Rejuvenation%20%26%20Wellness%20Center&query_place_id=ChIJ3ej7Zgc9TIYR44wDttAtFuM
hello@skinlaundry.com,,Skin Laundry - Lakewood,https://www.skinlaundry.com/locations/lakewood,(469) 694-2954,Dallas,Texas,https://www.google.com/maps/search/?api=1&query=Skin%20Laundry%20-%20Lakewood&query_place_id=ChIJBRkW4pifToYRD9e83yUiPzo
noevalley@skinspirit.com,,SkinSpirit Preston Royal - Dallas,https://www.skinspirit.com/locations/preston-royal/,(972) 707-1200,Dallas,Texas,https://www.google.com/maps/search/?api=1&query=SkinSpirit%20Preston%20Royal%20-%20Dallas&query_place_id=ChIJRRuOBuwhTIYRwyieDnhn488
user@domain.com,,Calypso Aesthetic Lab,http://www.calypsoaestheticlab.com/,(832) 622-6294,Dallas,Texas,https://www.google.com/maps/search/?api=1&query=Calypso%20Aesthetic%20Lab&query_place_id=ChIJTTvaCtqdToYRYdiL9GnoJuk
justinelewis@justinjected.com,,Just Injected,https://www.justinjected.com/,(469) 317-0555,Dallas,Texas,https://www.google.com/maps/search/?api=1&query=Just%20Injected&query_place_id=ChIJ3fCwLo2dToYRSoT13-xuLUM
hello@equanimitywellness.com,,Equanimity Wellness Studio,https://equanimity.today/,(214) 238-6896,Dallas,Texas,https://www.google.com/maps/search/?api=1&query=Equanimity%20Wellness%20Studio&query_place_id=ChIJK2ClJqchTIYRfJxT58MZ1G8
info@thescienceofbeautydallas.com,,The Science of Beauty,https://www.thescienceofbeauty.co/,(214) 272-9240,Dallas,Texas,https://www.google.com/maps/search/?api=1&query=The%20Science%20of%20Beauty&query_place_id=ChIJlRYFrG-ZToYR8Q7o9DDXScI
admin@lymphaticexpress.com,,Lymphatic Express,http://www.lymphaticexpress.com/,(972) 685-4130,Dallas,Texas,https://www.google.com/maps/search/?api=1&query=Lymphatic%20Express&query_place_id=ChIJAbcXPb0fTIYR7erchOfy79Y
helloboulder@alchemyfacebar.com,,Alchemy Face Bar Lower Greenville | Dallas,http://alchemyfacebar.com/,(972) 803-6044,Dallas,Texas,https://www.google.com/maps/search/?api=1&query=Alchemy%20Face%20Bar%20Lower%20Greenville%20%7C%20Dallas&query_place_id=ChIJcTofFd-fToYRiVRFjFOMR9U
brandy@dalluremedspa.com,,D'Allure Medspa,https://www.dalluremedspa.com/?utm_source=gmb_auth,(214) 442-0011,Dallas,Texas,https://www.google.com/maps/search/?api=1&query=D'Allure%20Medspa&query_place_id=ChIJU2iF0tshTIYR77SjFZUlcEw
info@dallasmenshealth.com,,Dallas Men's Health,https://dallasmenshealth.com/?utm_source=GMB&utm_medium=organic&utm_campaign=dallaspractice,(214) 894-1008,Dallas,Texas,https://www.google.com/maps/search/?api=1&query=Dallas%20Men's%20Health&query_place_id=ChIJcaQRb9kjTIYRTmgEJNDNrzo
info@lilymedspa.com,,Lily Aesthetics & Wellness,https://www.lilymedspa.com/?utm_source=google&utm_medium=organic&utm_campaign=gbp-website,(972) 503-5459,Dallas,Texas,https://www.google.com/maps/search/?api=1&query=Lily%20Aesthetics%20%26%20Wellness&query_place_id=ChIJx9w0IBAhTIYRINvY5qzWl68
78f7996315bc402f9dcb8a2f974b82d1@sentry.wixpress.com,,Olysis Med Spa,https://www.olysismedspa.com/,(682) 593-1442,Dallas,Texas,https://www.google.com/maps/search/?api=1&query=Olysis%20Med%20Spa&query_place_id=ChIJ-8T7CZktTIYRunmipiAOZeI
info@lisseaesthetics.com,,Lisse Aesthetics,https://www.lisseaesthetics.com/,(469) 264-5162,Dallas,Texas,https://www.google.com/maps/search/?api=1&query=Lisse%20Aesthetics&query_place_id=ChIJ2S5HowcupmwREps5rpigD5A
example@email.com,,Advanced Facial Plastic Surgery Center: Dr. Bassichis,https://www.advancedfacialplastic.com/?utm_source=google&utm_medium=organic&utm_campaign=google_business_profile,(972) 774-1777,Dallas,Texas,https://www.google.com/maps/search/?api=1&query=Advanced%20Facial%20Plastic%20Surgery%20Center%3A%20Dr.%20Bassichis&query_place_id=ChIJ_4KYjRohTIYR_T5tBPLXfxs
hello@injectco.com,,InjectCo MedSpa Dallas,https://injectco.com/services/med-spa-dallas-tx/?utm_source=google&utm_medium=organic&utm_campaign=gbp-dallas,(214) 216-1033,Dallas,Texas,https://www.google.com/maps/search/?api=1&query=InjectCo%20MedSpa%20Dallas&query_place_id=ChIJSWOzaeifToYRvJrkXYkPrAQ
info@warthanamirderm.com,,Warthan Amir Dermatology,http://www.warthanamirderm.com/,(214) 760-3007,Dallas,Texas,https://www.google.com/maps/search/?api=1&query=Warthan%20Amir%20Dermatology&query_place_id=ChIJg_rM3L4hTIYR015l0t7lve4
info@enlightenmd.com,,enlightenmd,https://www.enlightenmd.com/,(214) 964-0860,Dallas,Texas,https://www.google.com/maps/search/?api=1&query=enlightenmd&query_place_id=ChIJw5I1L20gTIYRMtWDbEQ6drM
info@toucheddtx.com,,Touched Therapeutic Massage & Bodywork,http://www.toucheddtx.com/,(469) 348-8696,Dallas,Texas,https://www.google.com/maps/search/?api=1&query=Touched%20Therapeutic%20Massage%20%26%20Bodywork&query_place_id=ChIJO2w-YaeZToYR_rMVhwWg_B0
info@houseofpreservation.com,,house of preservation,http://houseofpreservation.com/,(469) 571-3740,Dallas,Texas,https://www.google.com/maps/search/?api=1&query=house%20of%20preservation&query_place_id=ChIJx9v298OfToYRURwq5vBldwM
1eeb89147c984dc6bc3ffafd9e6cd089@sentry.wixpress.com,,Bare Aesthetics Dallas,http://www.bareaestheticsdallas.com/,(214) 980-4371,Dallas,Texas,https://www.google.com/maps/search/?api=1&query=Bare%20Aesthetics%20Dallas&query_place_id=ChIJB4JKwjufToYRKJVN9-9lZ10
escosmeticsllc@gmail.com,,Axiom Medical Spa,http://axiommedicalspa.com/,(469) 786-0271,Dallas,Texas,https://www.google.com/maps/search/?api=1&query=Axiom%20Medical%20Spa&query_place_id=ChIJd7XsIugjTIYRG4UncX15TRo
info@theskynlab.com,,Skyn Lab Med Spa,http://www.skynlabdallas.com/,(469) 620-1800,Dallas,Texas,https://www.google.com/maps/search/?api=1&query=Skyn%20Lab%20Med%20Spa&query_place_id=ChIJVb_nJH8hTIYRlEMAg62u2uw
info@suremedaes.com,,SureMED Aesthetics,https://www.suremedaes.com/,(972) 619-9652,Dallas,Texas,https://www.google.com/maps/search/?api=1&query=SureMED%20Aesthetics&query_place_id=ChIJOzkP0yudToYR7-UxH1rdwFI
patient@highlandpark.clinic,,Highland Park Aesthetics,https://highlandpark.clinic/,(214) 774-9644,Dallas,Texas,https://www.google.com/maps/search/?api=1&query=Highland%20Park%20Aesthetics&query_place_id=ChIJp0L3I22fToYRl2qAm90DTUw
info@vivwellness.com,,VIV Wellness,http://vivwellness.com/,(972) 803-3957,Dallas,Texas,https://www.google.com/maps/search/?api=1&query=VIV%20Wellness&query_place_id=ChIJ53d-3qSZToYRbwVvERiF6kc
info@tuxedoclub.com,,Tuxedo Club,http://www.tuxedoclub.com/,(469) 777-1350,Dallas,Texas,https://www.google.com/maps/search/?api=1&query=Tuxedo%20Club&query_place_id=ChIJnScy7D6ZToYR4O8fsqlYPuw
richardson@viomedspa.com,,VIO Med Spa Casa Linda,https://www.viomedspa.com/locations/casa-linda,(214) 764-0350,Dallas,Texas,https://www.google.com/maps/search/?api=1&query=VIO%20Med%20Spa%20Casa%20Linda&query_place_id=ChIJAacsSDGhToYR9b-GeygF6KQ
info@oneseventymedspa.com,,One Seventy Med Spa,https://www.oneseventymedspa.com/,(469) 755-4235,Dallas,Texas,https://www.google.com/maps/search/?api=1&query=One%20Seventy%20Med%20Spa&query_place_id=ChIJs3xVy6IhTIYR_3u0XsDu8Ds
c183baa23371454f99f417f6616b724d@sentry.wixpress.com,,Atkinson Aesthetics,http://www.atkinsonaesthetics.com/,(972) 645-2858,Dallas,Texas,https://www.google.com/maps/search/?api=1&query=Atkinson%20Aesthetics&query_place_id=ChIJGzNlkdahToYRieBFMdNzWxA
bblissfulaestheticsllc@gmail.com,,B Blissful Aesthetics,https://www.bblissfulaesthetics.org/,(803) 415-4955,Dallas,Texas,https://www.google.com/maps/search/?api=1&query=B%20Blissful%20Aesthetics&query_place_id=ChIJ3--6e79g5wcRKwKOUFJSSOU
info@higherlevelskinbeauty.com,,Higher Level Skin & Beauty,http://www.higherlevelskinbeauty.com/,(469) 779-8236,Dallas,Texas,https://www.google.com/maps/search/?api=1&query=Higher%20Level%20Skin%20%26%20Beauty&query_place_id=ChIJC2RVpPmZToYRJstfbS_9rtg
consultations@asfdallas.com,,Advanced Skin Fitness Medical Spa and CoolSculpting Center,https://advancedskinfitness.com/,(214) 521-5277,Dallas,Texas,https://www.google.com/maps/search/?api=1&query=Advanced%20Skin%20Fitness%20Medical%20Spa%20and%20CoolSculpting%20Center&query_place_id=ChIJ01Ky7MueToYRVnqu1JRwmFM
snatcheddallas@gmail.com,,Snatched Dallas,http://www.snatcheddallas.com/,(469) 471-8418,Dallas,Texas,https://www.google.com/maps/search/?api=1&query=Snatched%20Dallas&query_place_id=ChIJt0f8td0lTIYRC_QQdlUYdtk
info@dallaslaserfacial.com,,The Aesthetics Project,https://dallaslaserfacial.com/,(945) 349-8200,Dallas,Texas,https://www.google.com/maps/search/?api=1&query=The%20Aesthetics%20Project&query_place_id=ChIJocMw9r7aKkoRY_Hj1SM3KGo
hello@sanctumwell.com,,Sanctum Med + Wellness,https://www.sanctumwell.com/,(214) 729-6299,Dallas,Texas,https://www.google.com/maps/search/?api=1&query=Sanctum%20Med%20%2B%20Wellness&query_place_id=ChIJ7zRj9mefToYRKXLw3X9dFm0
cinthia@enlivenyouaesthetics.com,,Enliven You Aesthetics and Wellness,http://www.enlivenyouaesthetics.com/,(469) 907-8292,Dallas,Texas,https://www.google.com/maps/search/?api=1&query=Enliven%20You%20Aesthetics%20and%20Wellness&query_place_id=ChIJQ-_QHSwhTIYREpClJaDpQA4
info@vitaldallas.com,,Vital Aesthetics,https://vitaldallas.com/,(972) 985-5511,Dallas,Texas,https://www.google.com/maps/search/?api=1&query=Vital%20Aesthetics&query_place_id=ChIJUyziW_UiTIYRG0eKVdaC1o4
info@ifusiondallas.com,,iFusion Wellness & iV Bars,http://ifusiondallas.com/,(214) 205-1145,Dallas,Texas,https://www.google.com/maps/search/?api=1&query=iFusion%20Wellness%20%26%20iV%20Bars&query_place_id=ChIJ5fFSgjSfToYRCSNrUW4VpO0
devora@blushnbeautyspa.com,,Blush N Beauty Medspa,http://www.blushnbeautyspa.com/,(972) 803-6967,Dallas,Texas,https://www.google.com/maps/search/?api=1&query=Blush%20N%20Beauty%20Medspa&query_place_id=ChIJ_SLUBiifToYR5p9mphAAZnk
pb.labtx@gmail.com,,Pbeautylab,http://pbeautylab.glossgenius.com/,(469) 456-1627,Dallas,Texas,https://www.google.com/maps/search/?api=1&query=Pbeautylab&query_place_id=ChIJv5isXwGdToYROVqM2mEa3ig
shedron@thehotspotvsteam.com,,The Hot Spot V-Steam LLC,http://www.thehotspotvsteam.com/,(214) 620-0069,Dallas,Texas,https://www.google.com/maps/search/?api=1&query=The%20Hot%20Spot%20V-Steam%20LLC&query_place_id=ChIJz_lJRHylToYR_c4PzmA5yBs
info@indiantypefoundry.com,,Fancy Curves N' More,https://fancycurvesnmore.com/,(469) 305-1663,Dallas,Texas,https://www.google.com/maps/search/?api=1&query=Fancy%20Curves%20N'%20More&query_place_id=ChIJb5lTxdvnv4cRe280kI98XPg
filler@godaddy.com,,deNovo Health & Aesthetics (North Dallas),http://www.denovohealthdallas.com/,(214) 219-4000,Dallas,Texas,https://www.google.com/maps/search/?api=1&query=deNovo%20Health%20%26%20Aesthetics%20(North%20Dallas)&query_place_id=ChIJe31QSLEjTIYRd_LtcS6hBGw
admin@thelabmedspa.com,,the L.A.B. med spa Dallas,https://www.thelabmedspa.com/,(817) 251-1000,Dallas,Texas,https://www.google.com/maps/search/?api=1&query=the%20L.A.B.%20med%20spa%20Dallas&query_place_id=ChIJ0bxiXQ2ZToYRy4ujD-js68I
morphhausdallas@gmail.com,,Morph Haus,http://morphhaus.janeapp.com/,(214) 233-6755,Dallas,Texas,https://www.google.com/maps/search/?api=1&query=Morph%20Haus&query_place_id=ChIJE08lQlqdToYRsEvEryXNK0Q
info@mskinmedspa.com,,MSkin Med Spa,https://www.mskinmedspa.com/,(469) 318-4019,Dallas,Texas,https://www.google.com/maps/search/?api=1&query=MSkin%20Med%20Spa&query_place_id=ChIJIWM883AfTIYRbXXseF661-w
info@katytrailcryo.com,,Katy Trail Cryo,http://www.katytrailcryo.com/,(214) 758-0050,Dallas,Texas,https://www.google.com/maps/search/?api=1&query=Katy%20Trail%20Cryo&query_place_id=ChIJWxrKyCCfToYRRbmFstvEs34
support@mywellnessden.com,,The Wellness Den,http://www.mywellnessden.com/,(972) 750-4902,Dallas,Texas,https://www.google.com/maps/search/?api=1&query=The%20Wellness%20Den&query_place_id=ChIJf0W6ovIhTIYRS6rZjTa85eg
kendra@skinfinitydallas.com,,Skinfinity,https://www.skinfinitydallas.com/,(469) 735-0806,Dallas,Texas,https://www.google.com/maps/search/?api=1&query=Skinfinity&query_place_id=ChIJKULuVjGZToYRWn11sun-ysU
karla-patricia-skin-horizontal-wordmark-black-rgb-900px-w-72ppi_140x@2x.png,,KARLA PATRICIA SKIN - DALLAS FACIALIST,http://www.dallasfacialist.com/,(972) 885-7546,Dallas,Texas,https://www.google.com/maps/search/?api=1&query=KARLA%20PATRICIA%20SKIN%20-%20DALLAS%20FACIALIST&query_place_id=ChIJC3Xfk9CfToYRswMo8uRW3ow
fabutopiamedspa@gmail.com,,Fabutopia Medspa & Aesthetics,http://www.fabutopiamedspa.com/,(214) 339-5336,Dallas,Texas,https://www.google.com/maps/search/?api=1&query=Fabutopia%20Medspa%20%26%20Aesthetics&query_place_id=ChIJ60cAlOibToYR_aSw0Y6O8G8
8eb368c655b84e029ed79ad7a5c1718e@sentry.wixpress.com,,VENDETTA AESTHETICS,http://www.vendettaaesthetics.com/,(469) 644-3462,Dallas,Texas,https://www.google.com/maps/search/?api=1&query=VENDETTA%20AESTHETICS&query_place_id=ChIJJ1OIbvglTIYRS64s4o0HSa0
info@misterbotox.us,,REVION Aesthetics | Performance Wellness,https://revionaesthetics.com/,(214) 531-8880,Dallas,Texas,https://www.google.com/maps/search/?api=1&query=REVION%20Aesthetics%20%7C%20Performance%20Wellness&query_place_id=ChIJtznly8KfToYRFmWURDmP468
support@lovemybliss.com,,MyBliss Wellness,https://lovemybliss.com/,(512) 466-2916,Dallas,Texas,https://www.google.com/maps/search/?api=1&query=MyBliss%20Wellness&query_place_id=ChIJi6RfzyPvToYRFa36k14875E
info@luxeskincare.com,,Luxe Skin Care,http://www.luxeskincare.com/,(214) 960-6686,Dallas,Texas,https://www.google.com/maps/search/?api=1&query=Luxe%20Skin%20Care&query_place_id=ChIJGSxAjt4gTIYRBrPuRdUVUzs
curtis@aurawerks.com,,AuraWerks,http://aurawerks.com/,(214) 764-5547,Dallas,Texas,https://www.google.com/maps/search/?api=1&query=AuraWerks&query_place_id=ChIJeUC0BRAhTIYRhQCia9SmF_Q
info@mattisonsalonsuites.com,,Mattison Avenue Salon Suites & Spa,https://www.mattisonsalonsuites.com/the-hill-dallas-tx?utm_source=apple_maps&utm_medium=organic&utm_campaign=yext,(915) 293-6333,Dallas,Texas,https://www.google.com/maps/search/?api=1&query=Mattison%20Avenue%20Salon%20Suites%20%26%20Spa&query_place_id=ChIJEzy31e-fToYRA36YoRu1If0
team@latofonts.com,,Andrea's Med Spa,https://andreasmedspa.com/,(254) 263-3772,Dallas,TX,https://www.google.com/maps/search/?api=1&query=Andrea's%20Med%20Spa&query_place_id=ChIJ03igo84hTIYRebtolJmNTJ8
info@revatamedspa.com,,Revata Medspa and Laser Center,http://www.revatamedspa.com/,(972) 707-8128,Dallas,Texas,https://www.google.com/maps/search/?api=1&query=Revata%20Medspa%20and%20Laser%20Center&query_place_id=ChIJ88j7AichTIYRcXa00gWIyIk
info@faceologie.com,,FACEOLOGIE,http://faceologie.com/,(469) 949-4293,Dallas,Texas,https://www.google.com/maps/search/?api=1&query=FACEOLOGIE&query_place_id=ChIJz36PNJifToYRslxwzhTvgz0
contact@revivesence.com,,Revivesence Beauty and Wellness,https://revivesence.com/,(214) 702-2363,Dallas,Texas,https://www.google.com/maps/search/?api=1&query=Revivesence%20Beauty%20and%20Wellness&query_place_id=ChIJhXd4IVUhTIYRTmAuJXrT4zg
rosarodriguesesthetics@gmail.com,,Rosa Rodrigues Med Spa,https://rosarodriguesesthetics.com/,(972) 898-8751,Dallas,Texas,https://www.google.com/maps/search/?api=1&query=Rosa%20Rodrigues%20Med%20Spa&query_place_id=ChIJh6-CA44hTIYRNlJHNnzSQtI
elitemedspa3319@gmail.com,,Elite Med Spa of Texas,https://elitemedspaoftexas.com/,(214) 241-4475,Dallas,Texas,https://www.google.com/maps/search/?api=1&query=Elite%20Med%20Spa%20of%20Texas&query_place_id=ChIJrxb2gKOfToYRodhEEDLxOW0
info@penthousebeaute.com,,Penthouse Skin Lab,http://www.penthouseskinlab.com/,(469) 573-2076,Dallas,Texas,https://www.google.com/maps/search/?api=1&query=Penthouse%20Skin%20Lab&query_place_id=ChIJoYhhODonTIYRUoVB94w9VD4
info@skynthirtytwo.com,,Skyn 32 Aesthetics Studio,https://www.skyn32studio.com/,(469) 389-0803,Dallas,Texas,https://www.google.com/maps/search/?api=1&query=Skyn%2032%20Aesthetics%20Studio&query_place_id=ChIJU2oABmKfToYRZiP8uqaykTI
dandra@dee-beauty.com,,Deelightfully Beautiful Aesthetics,http://www.dee-beauty.com/,(469) 269-6770,Dallas,Texas,https://www.google.com/maps/search/?api=1&query=Deelightfully%20Beautiful%20Aesthetics&query_place_id=ChIJPcIysS09TIYR9HVcoMIbHuw
cameron@47aesthetics.com,,47 Aesthetics,https://47aesthetics.com/,(214) 449-0206,Dallas,Texas,https://www.google.com/maps/search/?api=1&query=47%20Aesthetics&query_place_id=ChIJZem5G-YhTIYRoHhTQG8ONbA
contact@spa-wise.com,,Spawise Medspa,https://www.spa-wise.com/?utm_source=GBP,(817) 219-7379,Dallas,Texas,https://www.google.com/maps/search/?api=1&query=Spawise%20Medspa&query_place_id=ChIJN8oveBYjToYRQd0Mds4pJoU
polka.aesthetics@gmail.com,,Polka Aesthetics,https://www.polka-aesthetics.com/,(945) 200-1710,Dallas,Texas,https://www.google.com/maps/search/?api=1&query=Polka%20Aesthetics&query_place_id=ChIJGZ2CpNkjTIYRUPPxe6C_nnc
info@trosebodystudio.com,,T. Rose Body Studio,https://linktr.ee/trosebodystudio,,Dallas,Texas,https://www.google.com/maps/search/?api=1&query=T.%20Rose%20Body%20Studio&query_place_id=ChIJpcrWCduNToYRI6wS3JLxOd8
prestonforest@lindora.com,,Lindora Preston Forest,https://www.lindora.com/location/preston-forest,(214) 242-9550,Dallas,Texas,https://www.google.com/maps/search/?api=1&query=Lindora%20Preston%20Forest&query_place_id=ChIJBRZf7HEhTIYRRU8S2lLPuzU
support@saltboxdallas.com,,Saltbox Aesthetics + Apothecary,http://saltboxdallas.com/,(972) 677-9888,Dallas,Texas,https://www.google.com/maps/search/?api=1&query=Saltbox%20Aesthetics%20%2B%20Apothecary&query_place_id=ChIJ9RWmsICfToYRR2jyrr_nmHc
myspajoy60@gmail.com,,My Spa Joy,https://myspajoytx.zoca.com/?utm_source=googlemaps&utm_medium=googlemaps&utm_campaign=googlemaps,(346) 660-3277,Houston,Texas,https://www.google.com/maps/search/?api=1&query=My%20Spa%20Joy&query_place_id=ChIJI0-M4s_DQIYRi67WrFgfF9E
info@radiantdermtx.com,,Radiant Dermatology & Aesthetics - Kingwood,https://www.radiantdermtx.com/location-pages/kingwood-location,(281) 973-4159,Kingwood,Texas,https://www.google.com/maps/search/?api=1&query=Radiant%20Dermatology%20%26%20Aesthetics%20-%20Kingwood&query_place_id=ChIJU9ThGs-yQIYRKX2fhE9KnEc
greatresults@clearstonespa.com,,Clearstone Laser Hair Removal & Med Spa,http://www.clearstonespa.com/?utm_source=gbp&utm_medium=organic&utm_campaign=gbp_listing&utm_content=avery_medical,(281) 805-1136,Houston,Texas,https://www.google.com/maps/search/?api=1&query=Clearstone%20Laser%20Hair%20Removal%20%26%20Med%20Spa&query_place_id=ChIJX6BydWzAQIYRTNmky8iYnvc
info@antiageinstitute.com,,Antiage Institute,https://www.antiageinstitute.com/,(832) 430-7768,Houston,Texas,https://www.google.com/maps/search/?api=1&query=Antiage%20Institute&query_place_id=ChIJJSZRF_rAQIYRPgG8GZnKnh8
help@htxmdspa.com,,Houston MedSpa + Wellness,https://htxmdspa.com/,(832) 835-2545,Houston,Texas,https://www.google.com/maps/search/?api=1&query=Houston%20MedSpa%20%2B%20Wellness&query_place_id=ChIJtWzPOPbAQIYRHv6oUAjiD4I
info@aesthetichouston.com,,Aesthetic Surgery Institute,https://www.aesthetichouston.com/,(713) 892-5476,Houston,Texas,https://www.google.com/maps/search/?api=1&query=Aesthetic%20Surgery%20Institute&query_place_id=ChIJs7cBZW3BQIYRvFVFjhlOcqg
support@organicbsi.com,,Miliv Med Spa & Facials,https://milivmed-spa.com/,(713) 585-0715,Houston,Texas,https://www.google.com/maps/search/?api=1&query=Miliv%20Med%20Spa%20%26%20Facials&query_place_id=ChIJIQNO4XDBQIYRwzhP7SIMFLw
ed436f5053144538958ad06a5005e99a@sentry.wixpress.com,,Hi Beautiful Aesthetics,http://www.hibeautifulaesthetics.com/,(281) 846-6895,Houston,Texas,https://www.google.com/maps/search/?api=1&query=Hi%20Beautiful%20Aesthetics&query_place_id=ChIJuy9pdCrDQIYRrwt2oraHarA
info@tulumms.com,,Tulum Wellness Spa,https://tulumwellness.com/,(832) 707-0407,Houston,Texas,https://www.google.com/maps/search/?api=1&query=Tulum%20Wellness%20Spa&query_place_id=ChIJ6zuGvFDHQIYRARZhVGqnO98
info@behuemn.com,,Huemn - Heights MKT,https://www.behuemn.com/?utm_source=gmb&utm_location=vp,(832) 979-5618,Houston,Texas,https://www.google.com/maps/search/?api=1&query=Huemn%20-%20Heights%20MKT&query_place_id=ChIJyQaw9BXHQIYR_Rw8UTLf9pY
hello@gravityonestudio.com,,Gravity One Studio,http://www.gravityonestudio.com/,(713) 218-9988,Houston,Texas,https://www.google.com/maps/search/?api=1&query=Gravity%20One%20Studio&query_place_id=ChIJYdZOZoHHQIYR6VKJlKw_dec
info@rosemilkaesthetics.com,,Rose Milk Aesthetics,http://rosemilkaesthetics.com/,(832) 557-8151,Houston,Texas,https://www.google.com/maps/search/?api=1&query=Rose%20Milk%20Aesthetics&query_place_id=ChIJeXg9tArHQIYRSPP7V61anh0
amiraspaandsalon@gmail.com,,Amira's Cryo Spa And Salon,https://amirascryospahouston.zoca.com/?utm_source=googlemaps&utm_medium=googlemaps&utm_campaign=googlemaps,(832) 973-1156,Houston,Texas,https://www.google.com/maps/search/?api=1&query=Amira's%20Cryo%20Spa%20And%20Salon&query_place_id=ChIJdT__bvTFQIYR9wBS8U8MMyU
compliance@livehydrationspa.com,,LIVE Hydration Spa Kirby,https://locations.livehydrationspa.com/tx/houston/kirby.html,(832) 821-8717,Houston,Texas,https://www.google.com/maps/search/?api=1&query=LIVE%20Hydration%20Spa%20Kirby&query_place_id=ChIJh-5NYcjBQIYRDPPeHTJLZvc
support@skinfulaesthetics.com,,Skinful Aesthetics,http://www.skinfulaesthetics.com/?utm_source=google&utm_medium=organic&utm_campaign=gbp,(281) 697-8080,Houston,Texas,https://www.google.com/maps/search/?api=1&query=Skinful%20Aesthetics&query_place_id=ChIJa0ktmWzBQIYR8QXNNUPor5k
spa-icon-dark-01@2x.png,,pH Head Spa,http://www.phheadspa.com/,(281) 900-6360,Houston,Texas,https://www.google.com/maps/search/?api=1&query=pH%20Head%20Spa&query_place_id=ChIJPVu3OcLHQIYRqxzaDn7yz3Y
saltlakecity@skinspirit.com,,SkinSpirit Houston - Rice Village,https://www.skinspirit.com/locations/rice-village/,(346) 398-6100,Houston,Texas,https://www.google.com/maps/search/?api=1&query=SkinSpirit%20Houston%20-%20Rice%20Village&query_place_id=ChIJ29gq6jfBQIYREOX9lXzK6M0
info@premieresurgicalarts.com,,Premiere Surgical Arts,https://premieresurgicalarts.com/,(832) 930-7660,Houston,Texas,https://www.google.com/maps/search/?api=1&query=Premiere%20Surgical%20Arts&query_place_id=ChIJnxfScY7AQIYRnIhDbX_Jlo8
athomas@nakedmd.com,,NakedMD Med Spa Houston,https://www.nakedmd.com/,(713) 588-5960,Houston,Texas,https://www.google.com/maps/search/?api=1&query=NakedMD%20Med%20Spa%20Houston&query_place_id=ChIJVfPHazPBQIYRwBO3mLEUYFQ
info@houstonskinhealth.com,,ZO Skin Centre Houston,https://houstonskinhealth.com/,(832) 831-4933,Houston,Texas,https://www.google.com/maps/search/?api=1&query=ZO%20Skin%20Centre%20Houston&query_place_id=ChIJLyiiPY7BQIYR1_Glq19lX5Q
frontdesk@moorederm.com,,Moore Dermatology PLLC,http://www.moorederm.com/,(713) 741-3376,Houston,Texas,https://www.google.com/maps/search/?api=1&query=Moore%20Dermatology%20PLLC&query_place_id=ChIJbauL6aLqQIYRcOxjma4Dr1o
info@4everyoungkingwoodtx.com,,4Ever Young Med Spa & Wellness Center - Kingwood,https://4everyoungantiaging.com/kingwood/?utm_source=google&utm_medium=organic&utm_campaign=gbp-kingwood,(281) 242-1724,Kingwood,Texas,https://www.google.com/maps/search/?api=1&query=4Ever%20Young%20Med%20Spa%20%26%20Wellness%20Center%20-%20Kingwood&query_place_id=ChIJsS1Ew0pNR4YR4G9KoPhUiQA
info@medernaofficial.com,,Mederna Aesthetic & Wellness Medical Center,https://medernaofficial.com/?utm_source=google&utm_medium=organic&utm_campaign=gbp,(832) 272-0401,Houston,Texas,https://www.google.com/maps/search/?api=1&query=Mederna%20Aesthetic%20%26%20Wellness%20Medical%20Center&query_place_id=ChIJh4kKVA3HQIYRWCZ5zbsvFj8
info@texashairlossclinic.com,,Texas Hair Restoration and Wellness Center,http://www.texashairlossclinic.com/,(713) 640-5651,Houston,Texas,https://www.google.com/maps/search/?api=1&query=Texas%20Hair%20Restoration%20and%20Wellness%20Center&query_place_id=ChIJA1SKkZjDQIYRRehA7vfO6N8
info@crosspointemedical.com,,Crosspointe Medical Clinic - Houston,https://crosspointemedical.com/?utm_source=GMB&utm_medium=Organic&utm_campaign=GMBListing,(281) 463-1400,Houston,Texas,https://www.google.com/maps/search/?api=1&query=Crosspointe%20Medical%20Clinic%20-%20Houston&query_place_id=ChIJKdWrdSLDQIYRw-BCLeHFXJ8
info@euphoriabeaute.com,,Euphoria Beaute,http://www.euphoriabeaute.com/,(832) 617-8262,Houston,Texas,https://www.google.com/maps/search/?api=1&query=Euphoria%20Beaute&query_place_id=ChIJM9j2hzHdQIYR2QLhUZFqqKc
info@rogmedspa.com,,River Oaks Galleria Medspa,http://www.rogmedspa.com/,(346) 741-6772,Houston,Texas,https://www.google.com/maps/search/?api=1&query=River%20Oaks%20Galleria%20Medspa&query_place_id=ChIJr95seR_BQIYRXertdTuXvVM
accolade-2@2x.png,,Memorial Center for Cosmetic Surgery: Houston Plastic Surgery,https://txcosmetics.com/,(713) 722-7400,Houston,Texas,https://www.google.com/maps/search/?api=1&query=Memorial%20Center%20for%20Cosmetic%20Surgery%3A%20Houston%20Plastic%20Surgery&query_place_id=ChIJ3SkewbXEQIYR90FjGTOS2io
info@theskinclinichtx.com,,The Skin Clinic,http://theskinclinichtx.com/,(832) 564-0344,Houston,Texas,https://www.google.com/maps/search/?api=1&query=The%20Skin%20Clinic&query_place_id=ChIJXfIVOr7BQIYRpFlfFIutMNE
info@amerejuve.com,,"Amerejuve Medspa Houston, TX: Medical Aesthetics & Body Contouring",https://www.amerejuve.com/,(713) 960-6262,Houston,Texas,https://www.google.com/maps/search/?api=1&query=Amerejuve%20Medspa%20Houston%2C%20TX%3A%20Medical%20Aesthetics%20%26%20Body%20Contouring&query_place_id=ChIJJQDTOJPDQIYRNtcKCJjUTKQ
jack@greensock.com,,Face Forward Houston: Regina Rodman M.D.,https://www.faceforwardhouston.com/?utm_source=google&utm_medium=organic&utm_campaign=gbp,(713) 321-2424,Houston,Texas,https://www.google.com/maps/search/?api=1&query=Face%20Forward%20Houston%3A%20Regina%20Rodman%20M.D.&query_place_id=ChIJ3QeI4GHEQIYRUet4-4xr3ug
info@albiwellness.com,,ALBI Wellness & Longevity,http://albiwellness.com/,(281) 520-3722,Houston,Texas,https://www.google.com/maps/search/?api=1&query=ALBI%20Wellness%20%26%20Longevity&query_place_id=ChIJ9wuaKU7BQIYR3qbFi_aPKM4
bellaireweightloss@gmail.com,,River Oaks Beauty and Weight Loss Center,http://www.loseweightgainbeauty.com/,(832) 991-6772,Houston,Texas,https://www.google.com/maps/search/?api=1&query=River%20Oaks%20Beauty%20and%20Weight%20Loss%20Center&query_place_id=ChIJ6RgLpajAQIYRGoCsWp0wTuM
annemarie@mybeautifulbody.com,,"Christopher K. Patronella, MD",https://www.patronellamd.com/?y_source=1_MjI3NTY3ODYtNzE1LWxvY2F0aW9uLndlYnNpdGU%3D,(713) 575-1996,Houston,Texas,https://www.google.com/maps/search/?api=1&query=Christopher%20K.%20Patronella%2C%20MD&query_place_id=ChIJf0fava3EQIYReF3G8HrAoUQ
rhonda@beingbeautifulyou.com,,Glowin Skin Bar,http://glowinskinbar.com/,(832) 269-4404,Houston,Texas,https://www.google.com/maps/search/?api=1&query=Glowin%20Skin%20Bar&query_place_id=ChIJF3B6AgnHQIYRHMPDLtXqCiY
605a7baede844d278b89dc95ae0a9123@sentry-next.wixpress.com,,ACS Promed spa,http://www.acspromedspa.com/,(832) 892-8941,Houston,Texas,https://www.google.com/maps/search/?api=1&query=ACS%20Promed%20spa&query_place_id=ChIJd_kw2DXCQIYRaBtQhOrKwkg
ivy.barre@thedripbar.com,,The DRIPBaR Houston Heights,https://houston-heights.thedripbar.com/,(713) 597-2618,Houston,Texas,https://www.google.com/maps/search/?api=1&query=The%20DRIPBaR%20Houston%20Heights&query_place_id=ChIJs8P_7Y_HQIYRvzaKVIn0RUA
lariviera2017@gmail.com,,Riviera Medical Center - Main Location,https://www.rivieramedcenter.com/,(713) 637-4372,Houston,Texas,https://www.google.com/maps/search/?api=1&query=Riviera%20Medical%20Center%20-%20Main%20Location&query_place_id=ChIJXdlFpbfDQIYRcMGNkdD8sOI
info@allmyvida.com,,Vida Aesthetics and Wellness,http://allmyvida.com/?utm_source=google&utm_medium=organic&utm_campaign=gbp,(281) 975-0251,Houston,Texas,https://www.google.com/maps/search/?api=1&query=Vida%20Aesthetics%20and%20Wellness&query_place_id=ChIJfQvM3xLG7G4R7vYOE10YgTc
support@houstonacnespecialists.com,,Houston Acne Specialists,http://houstonacnespecialists.com/,(713) 201-1152,Houston,Texas,https://www.google.com/maps/search/?api=1&query=Houston%20Acne%20Specialists&query_place_id=ChIJRaE87PXEQIYRjKUt5EjSuq0
info@kingwoodskinessentials.com,,Kingwood Skin Essentials Med Spa,https://kingwoodskinessentials.com/,(832) 777-6846,Kingwood,Texas,https://www.google.com/maps/search/?api=1&query=Kingwood%20Skin%20Essentials%20Med%20Spa&query_place_id=ChIJZ0ip9tGyQIYRoiclzWGtG2Y
18d2f96d279149989b95faf0a4b41882@sentry-next.wixpress.com,,"Stardom Touches Body II, Lymphatic Massage and Facials",https://www.stardomtouchesbodyll.com/,(346) 226-5110,Houston,Texas,https://www.google.com/maps/search/?api=1&query=Stardom%20Touches%20Body%20II%2C%20Lymphatic%20Massage%20and%20Facials&query_place_id=ChIJHdNNnovHQIYRoao2g1C3EHI
beyou@luxewspa.com,,BEluxe Spa II | Waxing | Facials,http://luxewspa.com/,(832) 553-6204,Houston,Texas,https://www.google.com/maps/search/?api=1&query=BEluxe%20Spa%20II%20%7C%20Waxing%20%7C%20Facials&query_place_id=ChIJxwMO0w_qQIYRZoDk94LlXmo
info@evolveaestheticsmedspa.com,,Evolve Aesthetics Medspa,https://www.evolveaestheticsmedspa.com/,(346) 302-5199,Houston,Texas,https://www.google.com/maps/search/?api=1&query=Evolve%20Aesthetics%20Medspa&query_place_id=ChIJE_Azex6_QIYRRWv5GnugsQU
info@xfactormdmedspa.com,,X Factor MD Med Spa,http://www.xfactormdmedspa.com/?utm_source=GBP,(346) 485-6869,Houston,Texas,https://www.google.com/maps/search/?api=1&query=X%20Factor%20MD%20Med%20Spa&query_place_id=ChIJ05Mxm5PBQIYR21K17ky3pEs
support@vagaro.com,,ME aesthetics LLC,https://www.vagaro.com/meaesthetics2,(346) 498-0659,Houston,Texas,https://www.google.com/maps/search/?api=1&query=ME%20aesthetics%20LLC&query_place_id=ChIJuy6tzdPJQIYR7kdKAjrfWwY
info@premieraestheticshouston.com,,Premier Aesthetics Houston,https://www.premieraestheticshouston.com/,(713) 877-8630,Houston,Texas,https://www.google.com/maps/search/?api=1&query=Premier%20Aesthetics%20Houston&query_place_id=ChIJdbmkixbBQIYRuhrMNX6nuR0
info@spachrysalis.com,,Chrysalis Skin & Body,https://spachrysalis.com/?y_source=1_MjAxODQzNjYtNzE1LWxvY2F0aW9uLndlYnNpdGU%3D,(713) 522-2111,Houston,Texas,https://www.google.com/maps/search/?api=1&query=Chrysalis%20Skin%20%26%20Body&query_place_id=ChIJGYucAvTAQIYRbpHTybcwUQs
info@txrosemedspa-com-880373.hostingersite.com,,Rose medical spa,http://txrosemedspa.com/,(281) 250-6171,Houston,Texas,https://www.google.com/maps/search/?api=1&query=Rose%20medical%20spa&query_place_id=ChIJs7QF0oHbQIYReA3sZN0aOpc
info@celebaesthetics.com,,"Celeb Aesthetics & Wellness- Botox, Sculptra, PDO threads, Microneedling, Facials , Lip filler, Facial balancing",http://www.celebaesthetics.com/,(713) 829-0955,Houston,Texas,https://www.google.com/maps/search/?api=1&query=Celeb%20Aesthetics%20%26%20Wellness-%20Botox%2C%20Sculptra%2C%20PDO%20threads%2C%20Microneedling%2C%20Facials%20%2C%20Lip%20filler%2C%20Facial%20balancing&query_place_id=ChIJq-9ctwbDQIYR_xkuh8YutEc
gonaked@nakedskinandwax.com,,Naked Skincare & Waxing Spa,http://www.nakedskinandwax.com/,(832) 330-0497,Houston,Texas,https://www.google.com/maps/search/?api=1&query=Naked%20Skincare%20%26%20Waxing%20Spa&query_place_id=ChIJd_kw2DXCQIYRa69j-wOWTFA
hello@skindeepcosmetics.com,,Skin Deep Cosmetics & Aesthetics,https://joinskindeep.com/,(713) 331-9414,Houston,Texas,https://www.google.com/maps/search/?api=1&query=Skin%20Deep%20Cosmetics%20%26%20Aesthetics&query_place_id=ChIJt2PXKLjBQIYRwBlh6bbDjVI
skininfo@dermtexas.com,,Adara Medical Spa,http://www.adarahouston.com/?utm_source=gmb_auth,(713) 766-3638,Houston,Texas,https://www.google.com/maps/search/?api=1&query=Adara%20Medical%20Spa&query_place_id=ChIJbUYb-oK_QIYRs77eTmlnuAI
info@jolie-wms.com,,JOLIE WELLNESS MED SPA,https://www.jolie-wms.com/,(832) 930-7018,Houston,Texas,https://www.google.com/maps/search/?api=1&query=JOLIE%20WELLNESS%20MED%20SPA&query_place_id=ChIJZTurKEPDQIYRCV_BrLo1Khc
info@thealopeciadoctor.com,,The Alopecia Doctor Hair and Scalp Spa,http://thealopeciadoctor.com/,(832) 305-5164,Houston,Texas,https://www.google.com/maps/search/?api=1&query=The%20Alopecia%20Doctor%20Hair%20and%20Scalp%20Spa&query_place_id=ChIJj7QXbK3DQIYREBop_k1-wfA
consult@drernestlayton.com,,Layton Aesthetic Plastic Surgery,https://drernestlayton.com/?utm_source=google&utm_medium=organic&utm_campaign=gbp,(713) 337-5277,Houston,Texas,https://www.google.com/maps/search/?api=1&query=Layton%20Aesthetic%20Plastic%20Surgery&query_place_id=ChIJ-xBTA7zEQIYR9SRi_Wea-MQ
contact@aestheticatelier.com,,Aesthetic Atelier Medical Aesthetics & Wellness,https://www.aestheticatelier.com/,(346) 704-0602,Houston,Texas,https://www.google.com/maps/search/?api=1&query=Aesthetic%20Atelier%20Medical%20Aesthetics%20%26%20Wellness&query_place_id=ChIJu1U1a2THQIYRP1Jt7PfO4ho
u002faccount-ro-treatment_center_color_01_1@2x.png,,CharSpa Wellness & Aesthetics,https://www.healthprofs.com/profile/523724,(832) 413-2062,Houston,Texas,https://www.google.com/maps/search/?api=1&query=CharSpa%20Wellness%20%26%20Aesthetics&query_place_id=ChIJZ6XqaHXHQIYRrWy2HeOW2Zo
welcome@kathylhaney.com,,"Kathy Haney, Medical Aesthetician",https://kathylhaney.com/,(281) 850-9894,Houston,Texas,https://www.google.com/maps/search/?api=1&query=Kathy%20Haney%2C%20Medical%20Aesthetician&query_place_id=ChIJBwIZH5bBQIYRxjCRljp0ckY
hello@skncraft.com,,SKNCRAFT,https://www.skncraft.com/,(281) 256-1003,Houston,Texas,https://www.google.com/maps/search/?api=1&query=SKNCRAFT&query_place_id=ChIJ1alBg-vHQIYRumhLt_uRzBk
info@mysite.com,,Medi Spa,https://www.medispatexas.com/,(281) 852-2000,Kingwood,Texas,https://www.google.com/maps/search/?api=1&query=Medi%20Spa&query_place_id=ChIJLV6dX8SyQIYRngw0QFmx6Vg
appointments@faceiqaesthetics.com,,Face IQ Aesthetics,https://faceiqaesthetics.com/,(832) 800-3783,Houston,Texas,https://www.google.com/maps/search/?api=1&query=Face%20IQ%20Aesthetics&query_place_id=ChIJnRo2n8nFQIYR0JUiYCF50XQ
info@elevateskinclinic.com,,Elevate Skin Clinic and Medspa,https://www.elevateskinclinic.com/,(832) 582-4068,Houston,Texas,https://www.google.com/maps/search/?api=1&query=Elevate%20Skin%20Clinic%20and%20Medspa&query_place_id=ChIJiUu6rZ_BQIYRdFZXEsYsqwg
office@transformationmedispa.net,,Transformation MediSpa,http://transformationmedispa.net/,(713) 661-9129,Houston,Texas,https://www.google.com/maps/search/?api=1&query=Transformation%20MediSpa&query_place_id=ChIJGVkznEHAQIYRu9YT1fcyltA
mgibson@bouncehydration.com,,Bounce Hydration,https://www.bouncehydration.com/,(713) 401-3642,Houston,Texas,https://www.google.com/maps/search/?api=1&query=Bounce%20Hydration&query_place_id=ChIJ9z3-w-jBQIYR7Wu1KLq0aT4
info@ndiscovered.com,,Identity Aesthetics MedSpa Kingwood,https://identityaestheticskingwood.com/,(346) 600-9090,Kingwood,Texas,https://www.google.com/maps/search/?api=1&query=Identity%20Aesthetics%20MedSpa%20Kingwood&query_place_id=ChIJhbtidHWzQIYRTDEL64CINeo
madison@plastikosaesthetics.com,,Plastikos Aesthetics,http://www.plastikosaesthetics.com/,(713) 338-9582,Houston,Texas,https://www.google.com/maps/search/?api=1&query=Plastikos%20Aesthetics&query_place_id=ChIJC5WD7BK_QIYRuvrh3Sgsqd8
medspa@tlcsurgery.com,,TLC MedSpa Houston,https://tlcmedspahouston.com/,(713) 493-7700,Houston,Texas,https://www.google.com/maps/search/?api=1&query=TLC%20MedSpa%20Houston&query_place_id=ChIJ7fZl2sy_QIYRaNBc99irydE
info@mdondelivery.com,,"MD On Delivery PLLC (Dr. Karina Cañadas), ENT Clinic",http://www.mdondelivery.com/,(832) 477-2234,Houston,Texas,https://www.google.com/maps/search/?api=1&query=MD%20On%20Delivery%20PLLC%20(Dr.%20Karina%20Ca%C3%B1adas)%2C%20ENT%20Clinic&query_place_id=ChIJNWI3wcbHQIYR1_F1VpDEY-4
nuvo@mycosmedispa.com,,NUVO Cosmedispa,https://www.nuvocosmedispa.com/,(832) 266-3004,Houston,Texas,https://www.google.com/maps/search/?api=1&query=NUVO%20Cosmedispa&query_place_id=ChIJ0dfak7rBQIYRqUY6cJkHgY0
beauty@serenitymedspahouston.com,,Serenity Wellness and Weight loss,https://www.serenitymedspahouston.com/,(713) 449-6265,Houston,Texas,https://www.google.com/maps/search/?api=1&query=Serenity%20Wellness%20and%20Weight%20loss&query_place_id=ChIJAQDs6V_AQIYRo4HWbfIm4qU
info@thenaturalaesthetichtx.com,,The Natural Aesthetic and Wellness Center,https://thenaturalaesthetichtx.com/?utm_source=google&utm_medium=organic&utm_campaign=gbp,(832) 972-5620,Houston,Texas,https://www.google.com/maps/search/?api=1&query=The%20Natural%20Aesthetic%20and%20Wellness%20Center&query_place_id=ChIJD4ZI7Mq_QIYRvSoM3HDnoEw
info@theskinrenewalcenter.com,,The Skin Renewal Center,http://www.theskinrenewalcenter.com/,(713) 533-0800,Houston,Texas,https://www.google.com/maps/search/?api=1&query=The%20Skin%20Renewal%20Center&query_place_id=ChIJTbT9kJzAQIYRy8yDyL1KCxs
questions@medispainstitute.com,,Medispa Institute,http://www.medispainstitute.com/,(832) 300-5593,Houston,Texas,https://www.google.com/maps/search/?api=1&query=Medispa%20Institute&query_place_id=ChIJ5XGmpzvdQIYR8Ue9hAgxNB8
info@noiressence.beauty,,Noir Essence Luxury Med Spa,https://noiressence.beauty/,(832) 865-5600,Houston,Texas,https://www.google.com/maps/search/?api=1&query=Noir%20Essence%20Luxury%20Med%20Spa&query_place_id=ChIJ35jeW6HBQIYRX_wqui2LIaQ
info@emerge-blissful.com,,Bare Beauty Boutique Spa,https://www.emerge-blissful.com/,(832) 478-3333,Houston,Texas,https://www.google.com/maps/search/?api=1&query=Bare%20Beauty%20Boutique%20Spa&query_place_id=ChIJN7TLg4DBQIYRhgQUZNX7ZOI
estilosalonandspa@yahoo.com,,Estilo Salon & Spa,http://www.estilosalonandspa.com/,(713) 807-7409,Houston,Texas,https://www.google.com/maps/search/?api=1&query=Estilo%20Salon%20%26%20Spa&query_place_id=ChIJCy2lLMDAQIYRmcIWCYKZdow
hello@facelifeaesthetics.com,,Face.Life Aesthetics,https://www.facelifeaesthetics.com/,(713) 231-7113,Houston,Texas,https://www.google.com/maps/search/?api=1&query=Face.Life%20Aesthetics&query_place_id=ChIJ98qAtxTHQIYRco1uVHk9gbU
beautymedica@gmail.com,,Beauty Medica,http://www.beauty-medica.net/,(832) 266-7109,Houston,Texas,https://www.google.com/maps/search/?api=1&query=Beauty%20Medica&query_place_id=ChIJkV6GIPvAQIYRPREd25G3gMg
